TRA,4,0.1,1,2,2000,2.359
TRA,4,0.1,1,2,4000,2.364
TRA,4,0.1,1,2,6000,2.36
TRA,4,0.1,1,2,8000,2.36
TRA,4,0.1,1,2,10000,2.359
TRA,4,0.1,1,2,12000,2.355
TRA,4,0.1,2,2,2000,2.356
TRA,4,0.1,2,2,4000,2.357
TRA,4,0.1,2,2,6000,2.359
TRA,4,0.1,2,2,8000,2.36
TRA,4,0.1,2,2,10000,2.358
TRA,4,0.1,2,2,12000,2.358
TRA_TIM,4,0.1,2,2,108.8,
TST,4,0.1,2,2,10,6.57
TRA,4,0.1,1,4,2000,2.359
TRA,4,0.1,1,4,4000,2.356
TRA,4,0.1,1,4,6000,2.359
TRA,4,0.1,1,4,8000,2.356
TRA,4,0.1,1,4,10000,2.36
TRA,4,0.1,1,4,12000,2.355
TRA,4,0.1,2,4,2000,2.362
TRA,4,0.1,2,4,4000,2.362
TRA,4,0.1,2,4,6000,2.361
TRA,4,0.1,2,4,8000,2.358
TRA,4,0.1,2,4,10000,2.36
TRA,4,0.1,2,4,12000,2.353
TRA,4,0.1,3,4,2000,2.36
TRA,4,0.1,3,4,4000,2.366
TRA,4,0.1,3,4,6000,2.361
TRA,4,0.1,3,4,8000,2.364
TRA,4,0.1,3,4,10000,2.364
TRA,4,0.1,3,4,12000,2.362
TRA,4,0.1,4,4,2000,2.359
TRA,4,0.1,4,4,4000,2.359
TRA,4,0.1,4,4,6000,2.361
TRA,4,0.1,4,4,8000,2.359
TRA,4,0.1,4,4,10000,2.359
TRA,4,0.1,4,4,12000,2.355
TRA_TIM,4,0.1,4,4,275.46,
TST,4,0.1,4,4,10,7.7
TRA,4,0.1,1,6,2000,2.36
TRA,4,0.1,1,6,4000,2.362
TRA,4,0.1,1,6,6000,2.359
TRA,4,0.1,1,6,8000,2.362
TRA,4,0.1,1,6,10000,2.358
TRA,4,0.1,1,6,12000,2.359
TRA,4,0.1,2,6,2000,2.362
TRA,4,0.1,2,6,4000,2.362
TRA,4,0.1,2,6,6000,2.362
TRA,4,0.1,2,6,8000,2.359
TRA,4,0.1,2,6,10000,2.362
TRA,4,0.1,2,6,12000,2.362
TRA,4,0.1,3,6,2000,2.357
TRA,4,0.1,3,6,4000,2.361
TRA,4,0.1,3,6,6000,2.362
TRA,4,0.1,3,6,8000,2.362
TRA,4,0.1,3,6,10000,2.356
TRA,4,0.1,3,6,12000,2.358
TRA,4,0.1,4,6,2000,2.36
TRA,4,0.1,4,6,4000,2.354
TRA,4,0.1,4,6,6000,2.359
TRA,4,0.1,4,6,8000,2.357
TRA,4,0.1,4,6,10000,2.359
TRA,4,0.1,4,6,12000,2.36
TRA,4,0.1,5,6,2000,2.362
TRA,4,0.1,5,6,4000,2.358
TRA,4,0.1,5,6,6000,2.36
TRA,4,0.1,5,6,8000,2.362
TRA,4,0.1,5,6,10000,2.359
TRA,4,0.1,5,6,12000,2.355
TRA,4,0.1,6,6,2000,2.364
TRA,4,0.1,6,6,4000,2.358
TRA,4,0.1,6,6,6000,2.357
TRA,4,0.1,6,6,8000,2.361
TRA,4,0.1,6,6,10000,2.357
TRA,4,0.1,6,6,12000,2.359
TRA_TIM,4,0.1,6,6,565.88,
TST,4,0.1,6,6,10,31.45
TRA,4,0.01,1,2,2000,2.1
TRA,4,0.01,1,2,4000,1.984
TRA,4,0.01,1,2,6000,1.963
TRA,4,0.01,1,2,8000,1.938
TRA,4,0.01,1,2,10000,1.982
TRA,4,0.01,1,2,12000,1.958
TRA,4,0.01,2,2,2000,1.946
TRA,4,0.01,2,2,4000,1.936
TRA,4,0.01,2,2,6000,1.968
TRA,4,0.01,2,2,8000,1.967
TRA,4,0.01,2,2,10000,1.978
TRA,4,0.01,2,2,12000,1.978
TRA_TIM,4,0.01,2,2,117.32,
TST,4,0.01,2,2,25.04,7.06
TRA,4,0.01,1,4,2000,2.092
TRA,4,0.01,1,4,4000,1.973
TRA,4,0.01,1,4,6000,1.957
TRA,4,0.01,1,4,8000,1.955
TRA,4,0.01,1,4,10000,1.98
TRA,4,0.01,1,4,12000,1.959
TRA,4,0.01,2,4,2000,1.978
TRA,4,0.01,2,4,4000,1.997
TRA,4,0.01,2,4,6000,2.069
TRA,4,0.01,2,4,8000,2.005
TRA,4,0.01,2,4,10000,1.994
TRA,4,0.01,2,4,12000,1.96
TRA,4,0.01,3,4,2000,2.008
TRA,4,0.01,3,4,4000,1.996
TRA,4,0.01,3,4,6000,2.074
TRA,4,0.01,3,4,8000,2.009
TRA,4,0.01,3,4,10000,2.019
TRA,4,0.01,3,4,12000,2
TRA,4,0.01,4,4,2000,1.984
TRA,4,0.01,4,4,4000,2.041
TRA,4,0.01,4,4,6000,1.998
TRA,4,0.01,4,4,8000,2
TRA,4,0.01,4,4,10000,1.991
TRA,4,0.01,4,4,12000,1.974
TRA_TIM,4,0.01,4,4,221.93,
TST,4,0.01,4,4,25.37,7.67
TRA,4,0.01,1,6,2000,2.102
TRA,4,0.01,1,6,4000,1.949
TRA,4,0.01,1,6,6000,1.925
TRA,4,0.01,1,6,8000,1.937
TRA,4,0.01,1,6,10000,1.953
TRA,4,0.01,1,6,12000,1.945
TRA,4,0.01,2,6,2000,1.933
TRA,4,0.01,2,6,4000,1.97
TRA,4,0.01,2,6,6000,1.973
TRA,4,0.01,2,6,8000,1.964
TRA,4,0.01,2,6,10000,1.991
TRA,4,0.01,2,6,12000,2.003
TRA,4,0.01,3,6,2000,2.02
TRA,4,0.01,3,6,4000,2.009
TRA,4,0.01,3,6,6000,2.018
TRA,4,0.01,3,6,8000,2.01
TRA,4,0.01,3,6,10000,2.057
TRA,4,0.01,3,6,12000,2.043
TRA,4,0.01,4,6,2000,2.082
TRA,4,0.01,4,6,4000,2.068
TRA,4,0.01,4,6,6000,2.088
TRA,4,0.01,4,6,8000,2.073
TRA,4,0.01,4,6,10000,2.058
TRA,4,0.01,4,6,12000,2.065
TRA,4,0.01,5,6,2000,2.06
TRA,4,0.01,5,6,4000,2.096
TRA,4,0.01,5,6,6000,2.075
TRA,4,0.01,5,6,8000,2.112
TRA,4,0.01,5,6,10000,2.108
TRA,4,0.01,5,6,12000,2.117
TRA,4,0.01,6,6,2000,2.179
TRA,4,0.01,6,6,4000,2.103
TRA,4,0.01,6,6,6000,2.099
TRA,4,0.01,6,6,8000,2.185
TRA,4,0.01,6,6,10000,2.152
TRA,4,0.01,6,6,12000,2.092
TRA_TIM,4,0.01,6,6,380.07,
TST,4,0.01,6,6,18.51,7.82
TRA,4,0.001,1,2,2000,2.286
TRA,4,0.001,1,2,4000,2.003
TRA,4,0.001,1,2,6000,1.775
TRA,4,0.001,1,2,8000,1.635
TRA,4,0.001,1,2,10000,1.563
TRA,4,0.001,1,2,12000,1.481
TRA,4,0.001,2,2,2000,1.411
TRA,4,0.001,2,2,4000,1.376
TRA,4,0.001,2,2,6000,1.37
TRA,4,0.001,2,2,8000,1.326
TRA,4,0.001,2,2,10000,1.299
TRA,4,0.001,2,2,12000,1.301
TRA_TIM,4,0.001,2,2,124.8,
TST,4,0.001,2,2,54.78,30.06
TRA,4,0.001,1,4,2000,2.247
TRA,4,0.001,1,4,4000,1.895
TRA,4,0.001,1,4,6000,1.697
TRA,4,0.001,1,4,8000,1.603
TRA,4,0.001,1,4,10000,1.531
TRA,4,0.001,1,4,12000,1.503
TRA,4,0.001,2,4,2000,1.417
TRA,4,0.001,2,4,4000,1.413
TRA,4,0.001,2,4,6000,1.375
TRA,4,0.001,2,4,8000,1.334
TRA,4,0.001,2,4,10000,1.298
TRA,4,0.001,2,4,12000,1.321
TRA,4,0.001,3,4,2000,1.228
TRA,4,0.001,3,4,4000,1.208
TRA,4,0.001,3,4,6000,1.217
TRA,4,0.001,3,4,8000,1.181
TRA,4,0.001,3,4,10000,1.201
TRA,4,0.001,3,4,12000,1.217
TRA,4,0.001,4,4,2000,1.085
TRA,4,0.001,4,4,4000,1.124
TRA,4,0.001,4,4,6000,1.134
TRA,4,0.001,4,4,8000,1.13
TRA,4,0.001,4,4,10000,1.128
TRA,4,0.001,4,4,12000,1.082
TRA_TIM,4,0.001,4,4,207.02,
TST,4,0.001,4,4,60.14,6.03
TRA,4,0.001,1,6,2000,2.199
TRA,4,0.001,1,6,4000,1.894
TRA,4,0.001,1,6,6000,1.702
TRA,4,0.001,1,6,8000,1.586
TRA,4,0.001,1,6,10000,1.508
TRA,4,0.001,1,6,12000,1.427
TRA,4,0.001,2,6,2000,1.379
TRA,4,0.001,2,6,4000,1.322
TRA,4,0.001,2,6,6000,1.31
TRA,4,0.001,2,6,8000,1.272
TRA,4,0.001,2,6,10000,1.268
TRA,4,0.001,2,6,12000,1.267
TRA,4,0.001,3,6,2000,1.178
TRA,4,0.001,3,6,4000,1.194
TRA,4,0.001,3,6,6000,1.196
TRA,4,0.001,3,6,8000,1.159
TRA,4,0.001,3,6,10000,1.169
TRA,4,0.001,3,6,12000,1.158
TRA,4,0.001,4,6,2000,1.087
TRA,4,0.001,4,6,4000,1.104
TRA,4,0.001,4,6,6000,1.089
TRA,4,0.001,4,6,8000,1.076
TRA,4,0.001,4,6,10000,1.084
TRA,4,0.001,4,6,12000,1.102
TRA,4,0.001,5,6,2000,1.015
TRA,4,0.001,5,6,4000,1.015
TRA,4,0.001,5,6,6000,1.017
TRA,4,0.001,5,6,8000,1.042
TRA,4,0.001,5,6,10000,1.014
TRA,4,0.001,5,6,12000,1.053
TRA,4,0.001,6,6,2000,0.938
TRA,4,0.001,6,6,4000,0.969
TRA,4,0.001,6,6,6000,0.972
TRA,4,0.001,6,6,8000,0.967
TRA,4,0.001,6,6,10000,0.983
TRA,4,0.001,6,6,12000,0.987
TRA_TIM,4,0.001,6,6,394.11,
TST,4,0.001,6,6,61.12,6.21
TRA,4,0.0001,1,2,2000,2.303
TRA,4,0.0001,1,2,4000,2.295
TRA,4,0.0001,1,2,6000,2.28
TRA,4,0.0001,1,2,8000,2.226
TRA,4,0.0001,1,2,10000,2.114
TRA,4,0.0001,1,2,12000,2.017
TRA,4,0.0001,2,2,2000,1.938
TRA,4,0.0001,2,2,4000,1.884
TRA,4,0.0001,2,2,6000,1.827
TRA,4,0.0001,2,2,8000,1.752
TRA,4,0.0001,2,2,10000,1.7
TRA,4,0.0001,2,2,12000,1.673
TRA_TIM,4,0.0001,2,2,168.51,
TST,4,0.0001,2,2,40.13,9.97
TRA,4,0.0001,1,4,2000,2.303
TRA,4,0.0001,1,4,4000,2.298
TRA,4,0.0001,1,4,6000,2.288
TRA,4,0.0001,1,4,8000,2.256
TRA,4,0.0001,1,4,10000,2.157
TRA,4,0.0001,1,4,12000,2.061
TRA,4,0.0001,2,4,2000,1.992
TRA,4,0.0001,2,4,4000,1.955
TRA,4,0.0001,2,4,6000,1.909
TRA,4,0.0001,2,4,8000,1.864
TRA,4,0.0001,2,4,10000,1.831
TRA,4,0.0001,2,4,12000,1.796
TRA,4,0.0001,3,4,2000,1.742
TRA,4,0.0001,3,4,4000,1.686
TRA,4,0.0001,3,4,6000,1.673
TRA,4,0.0001,3,4,8000,1.625
TRA,4,0.0001,3,4,10000,1.611
TRA,4,0.0001,3,4,12000,1.58
TRA,4,0.0001,4,4,2000,1.551
TRA,4,0.0001,4,4,4000,1.501
TRA,4,0.0001,4,4,6000,1.505
TRA,4,0.0001,4,4,8000,1.484
TRA,4,0.0001,4,4,10000,1.466
TRA,4,0.0001,4,4,12000,1.474
TRA_TIM,4,0.0001,4,4,261.31,
TST,4,0.0001,4,4,48.66,11.19
TRA,4,0.0001,1,6,2000,2.303
TRA,4,0.0001,1,6,4000,2.302
TRA,4,0.0001,1,6,6000,2.3
TRA,4,0.0001,1,6,8000,2.297
TRA,4,0.0001,1,6,10000,2.291
TRA,4,0.0001,1,6,12000,2.267
TRA,4,0.0001,2,6,2000,2.131
TRA,4,0.0001,2,6,4000,2.017
TRA,4,0.0001,2,6,6000,1.958
TRA,4,0.0001,2,6,8000,1.904
TRA,4,0.0001,2,6,10000,1.872
TRA,4,0.0001,2,6,12000,1.815
TRA,4,0.0001,3,6,2000,1.75
TRA,4,0.0001,3,6,4000,1.708
TRA,4,0.0001,3,6,6000,1.664
TRA,4,0.0001,3,6,8000,1.644
TRA,4,0.0001,3,6,10000,1.609
TRA,4,0.0001,3,6,12000,1.574
TRA,4,0.0001,4,6,2000,1.562
TRA,4,0.0001,4,6,4000,1.548
TRA,4,0.0001,4,6,6000,1.507
TRA,4,0.0001,4,6,8000,1.511
TRA,4,0.0001,4,6,10000,1.481
TRA,4,0.0001,4,6,12000,1.471
TRA,4,0.0001,5,6,2000,1.437
TRA,4,0.0001,5,6,4000,1.444
TRA,4,0.0001,5,6,6000,1.425
TRA,4,0.0001,5,6,8000,1.424
TRA,4,0.0001,5,6,10000,1.431
TRA,4,0.0001,5,6,12000,1.397
TRA,4,0.0001,6,6,2000,1.376
TRA,4,0.0001,6,6,4000,1.361
TRA,4,0.0001,6,6,6000,1.348
TRA,4,0.0001,6,6,8000,1.38
TRA,4,0.0001,6,6,10000,1.335
TRA,4,0.0001,6,6,12000,1.332
TRA_TIM,4,0.0001,6,6,368.28,
TST,4,0.0001,6,6,51.54,7.74
TRA,4,0.00001,1,2,2000,2.303
TRA,4,0.00001,1,2,4000,2.304
TRA,4,0.00001,1,2,6000,2.302
TRA,4,0.00001,1,2,8000,2.302
TRA,4,0.00001,1,2,10000,2.303
TRA,4,0.00001,1,2,12000,2.301
TRA,4,0.00001,2,2,2000,2.301
TRA,4,0.00001,2,2,4000,2.301
TRA,4,0.00001,2,2,6000,2.302
TRA,4,0.00001,2,2,8000,2.301
TRA,4,0.00001,2,2,10000,2.301
TRA,4,0.00001,2,2,12000,2.301
TRA_TIM,4,0.00001,2,2,146.34,
TST,4,0.00001,2,2,10,6.45
TRA,4,0.00001,1,4,2000,2.304
TRA,4,0.00001,1,4,4000,2.306
TRA,4,0.00001,1,4,6000,2.304
TRA,4,0.00001,1,4,8000,2.303
TRA,4,0.00001,1,4,10000,2.302
TRA,4,0.00001,1,4,12000,2.302
TRA,4,0.00001,2,4,2000,2.301
TRA,4,0.00001,2,4,4000,2.301
TRA,4,0.00001,2,4,6000,2.3
TRA,4,0.00001,2,4,8000,2.301
TRA,4,0.00001,2,4,10000,2.298
TRA,4,0.00001,2,4,12000,2.298
TRA,4,0.00001,3,4,2000,2.297
TRA,4,0.00001,3,4,4000,2.295
TRA,4,0.00001,3,4,6000,2.295
TRA,4,0.00001,3,4,8000,2.294
TRA,4,0.00001,3,4,10000,2.292
TRA,4,0.00001,3,4,12000,2.291
TRA,4,0.00001,4,4,2000,2.289
TRA,4,0.00001,4,4,4000,2.285
TRA,4,0.00001,4,4,6000,2.284
TRA,4,0.00001,4,4,8000,2.28
TRA,4,0.00001,4,4,10000,2.277
TRA,4,0.00001,4,4,12000,2.274
TRA_TIM,4,0.00001,4,4,245.62,
TST,4,0.00001,4,4,16.07,5.96
TRA,4,0.00001,1,6,2000,2.304
TRA,4,0.00001,1,6,4000,2.304
TRA,4,0.00001,1,6,6000,2.305
TRA,4,0.00001,1,6,8000,2.304
TRA,4,0.00001,1,6,10000,2.305
TRA,4,0.00001,1,6,12000,2.304
TRA,4,0.00001,2,6,2000,2.304
TRA,4,0.00001,2,6,4000,2.304
TRA,4,0.00001,2,6,6000,2.303
TRA,4,0.00001,2,6,8000,2.304
TRA,4,0.00001,2,6,10000,2.303
TRA,4,0.00001,2,6,12000,2.302
TRA,4,0.00001,3,6,2000,2.303
TRA,4,0.00001,3,6,4000,2.302
TRA,4,0.00001,3,6,6000,2.303
TRA,4,0.00001,3,6,8000,2.302
TRA,4,0.00001,3,6,10000,2.302
TRA,4,0.00001,3,6,12000,2.302
TRA,4,0.00001,4,6,2000,2.302
TRA,4,0.00001,4,6,4000,2.302
TRA,4,0.00001,4,6,6000,2.301
TRA,4,0.00001,4,6,8000,2.301
TRA,4,0.00001,4,6,10000,2.301
TRA,4,0.00001,4,6,12000,2.302
TRA,4,0.00001,5,6,2000,2.301
TRA,4,0.00001,5,6,4000,2.301
TRA,4,0.00001,5,6,6000,2.301
TRA,4,0.00001,5,6,8000,2.3
TRA,4,0.00001,5,6,10000,2.301
TRA,4,0.00001,5,6,12000,2.299
TRA,4,0.00001,6,6,2000,2.3
TRA,4,0.00001,6,6,4000,2.299
TRA,4,0.00001,6,6,6000,2.299
TRA,4,0.00001,6,6,8000,2.299
TRA,4,0.00001,6,6,10000,2.299
TRA,4,0.00001,6,6,12000,2.298
TRA_TIM,4,0.00001,6,6,564.38,
TST,4,0.00001,6,6,15.33,17.46
TRA,10,0.1,1,2,800,2.322
TRA,10,0.1,1,2,1600,2.324
TRA,10,0.1,1,2,2400,2.325
TRA,10,0.1,1,2,3200,2.325
TRA,10,0.1,1,2,4000,2.325
TRA,10,0.1,1,2,4800,2.326
TRA,10,0.1,2,2,800,2.289
TRA,10,0.1,2,2,1600,2.324
TRA,10,0.1,2,2,2400,2.326
TRA,10,0.1,2,2,3200,2.324
TRA,10,0.1,2,2,4000,2.322
TRA,10,0.1,2,2,4800,2.325
TRA_TIM,10,0.1,2,2,83.06,
TST,10,0.1,2,2,10,3.69
TRA,10,0.1,1,4,800,2.324
TRA,10,0.1,1,4,1600,2.325
TRA,10,0.1,1,4,2400,2.325
TRA,10,0.1,1,4,3200,2.329
TRA,10,0.1,1,4,4000,2.327
TRA,10,0.1,1,4,4800,2.328
TRA,10,0.1,2,4,800,2.326
TRA,10,0.1,2,4,1600,2.324
TRA,10,0.1,2,4,2400,2.325
TRA,10,0.1,2,4,3200,2.327
TRA,10,0.1,2,4,4000,2.324
TRA,10,0.1,2,4,4800,2.323
TRA,10,0.1,3,4,800,2.325
TRA,10,0.1,3,4,1600,2.323
TRA,10,0.1,3,4,2400,2.328
TRA,10,0.1,3,4,3200,2.327
TRA,10,0.1,3,4,4000,2.324
TRA,10,0.1,3,4,4800,2.329
TRA,10,0.1,4,4,800,2.324
TRA,10,0.1,4,4,1600,2.324
TRA,10,0.1,4,4,2400,2.331
TRA,10,0.1,4,4,3200,2.324
TRA,10,0.1,4,4,4000,2.323
TRA,10,0.1,4,4,4800,2.327
TRA_TIM,10,0.1,4,4,148.09,
TST,10,0.1,4,4,10,4.32
TRA,10,0.1,1,6,800,2.323
TRA,10,0.1,1,6,1600,2.324
TRA,10,0.1,1,6,2400,2.325
TRA,10,0.1,1,6,3200,2.323
TRA,10,0.1,1,6,4000,2.326
TRA,10,0.1,1,6,4800,2.323
TRA,10,0.1,2,6,800,2.324
TRA,10,0.1,2,6,1600,2.323
TRA,10,0.1,2,6,2400,2.327
TRA,10,0.1,2,6,3200,2.324
TRA,10,0.1,2,6,4000,2.324
TRA,10,0.1,2,6,4800,2.325
TRA,10,0.1,3,6,800,2.325
TRA,10,0.1,3,6,1600,2.324
TRA,10,0.1,3,6,2400,2.328
TRA,10,0.1,3,6,3200,2.325
TRA,10,0.1,3,6,4000,2.326
TRA,10,0.1,3,6,4800,2.326
TRA,10,0.1,4,6,800,2.325
TRA,10,0.1,4,6,1600,2.327
TRA,10,0.1,4,6,2400,2.324
TRA,10,0.1,4,6,3200,2.33
TRA,10,0.1,4,6,4000,2.324
TRA,10,0.1,4,6,4800,2.325
TRA,10,0.1,5,6,800,2.326
TRA,10,0.1,5,6,1600,2.327
TRA,10,0.1,5,6,2400,2.322
TRA,10,0.1,5,6,3200,2.326
TRA,10,0.1,5,6,4000,2.325
TRA,10,0.1,5,6,4800,2.326
TRA,10,0.1,6,6,800,2.327
TRA,10,0.1,6,6,1600,2.323
TRA,10,0.1,6,6,2400,2.325
TRA,10,0.1,6,6,3200,2.326
TRA,10,0.1,6,6,4000,2.327
TRA,10,0.1,6,6,4800,2.326
TRA_TIM,10,0.1,6,6,157.36,
TST,10,0.1,6,6,10,4.24
TRA,10,0.01,1,2,800,2.014
TRA,10,0.01,1,2,1600,1.765
TRA,10,0.01,1,2,2400,1.659
TRA,10,0.01,1,2,3200,1.618
TRA,10,0.01,1,2,4000,1.563
TRA,10,0.01,1,2,4800,1.581
TRA,10,0.01,2,2,800,1.505
TRA,10,0.01,2,2,1600,1.487
TRA,10,0.01,2,2,2400,1.494
TRA,10,0.01,2,2,3200,1.493
TRA,10,0.01,2,2,4000,1.455
TRA,10,0.01,2,2,4800,1.488
TRA_TIM,10,0.01,2,2,85.42,
TST,10,0.01,2,2,48.52,11.88
TRA,10,0.01,1,4,800,2.031
TRA,10,0.01,1,4,1600,1.727
TRA,10,0.01,1,4,2400,1.675
TRA,10,0.01,1,4,3200,1.622
TRA,10,0.01,1,4,4000,1.584
TRA,10,0.01,1,4,4800,1.551
TRA,10,0.01,2,4,800,1.534
TRA,10,0.01,2,4,1600,1.536
TRA,10,0.01,2,4,2400,1.502
TRA,10,0.01,2,4,3200,1.475
TRA,10,0.01,2,4,4000,1.509
TRA,10,0.01,2,4,4800,1.49
TRA,10,0.01,3,4,800,1.454
TRA,10,0.01,3,4,1600,1.454
TRA,10,0.01,3,4,2400,1.471
TRA,10,0.01,3,4,3200,1.482
TRA,10,0.01,3,4,4000,1.479
TRA,10,0.01,3,4,4800,1.466
TRA,10,0.01,4,4,800,1.442
TRA,10,0.01,4,4,1600,1.434
TRA,10,0.01,4,4,2400,1.407
TRA,10,0.01,4,4,3200,1.468
TRA,10,0.01,4,4,4000,1.451
TRA,10,0.01,4,4,4800,1.472
TRA_TIM,10,0.01,4,4,153.68,
TST,10,0.01,4,4,47.64,4.08
TRA,10,0.01,1,6,800,2.04
TRA,10,0.01,1,6,1600,1.777
TRA,10,0.01,1,6,2400,1.646
TRA,10,0.01,1,6,3200,1.609
TRA,10,0.01,1,6,4000,1.563
TRA,10,0.01,1,6,4800,1.558
TRA,10,0.01,2,6,800,1.518
TRA,10,0.01,2,6,1600,1.506
TRA,10,0.01,2,6,2400,1.525
TRA,10,0.01,2,6,3200,1.515
TRA,10,0.01,2,6,4000,1.526
TRA,10,0.01,2,6,4800,1.531
TRA,10,0.01,3,6,800,1.477
TRA,10,0.01,3,6,1600,1.498
TRA,10,0.01,3,6,2400,1.481
TRA,10,0.01,3,6,3200,1.53
TRA,10,0.01,3,6,4000,1.499
TRA,10,0.01,3,6,4800,1.482
TRA,10,0.01,4,6,800,1.439
TRA,10,0.01,4,6,1600,1.465
TRA,10,0.01,4,6,2400,1.474
TRA,10,0.01,4,6,3200,1.432
TRA,10,0.01,4,6,4000,1.484
TRA,10,0.01,4,6,4800,1.504
TRA,10,0.01,5,6,800,1.417
TRA,10,0.01,5,6,1600,1.442
TRA,10,0.01,5,6,2400,1.456
TRA,10,0.01,5,6,3200,1.464
TRA,10,0.01,5,6,4000,1.47
TRA,10,0.01,5,6,4800,1.48
TRA,10,0.01,6,6,800,1.464
TRA,10,0.01,6,6,1600,1.459
TRA,10,0.01,6,6,2400,1.453
TRA,10,0.01,6,6,3200,1.46
TRA,10,0.01,6,6,4000,1.497
TRA,10,0.01,6,6,4800,1.464
TRA_TIM,10,0.01,6,6,234.53,
TST,10,0.01,6,6,48.7,3.71
TRA,10,0.001,1,2,800,2.297
TRA,10,0.001,1,2,1600,2.171
TRA,10,0.001,1,2,2400,1.961
TRA,10,0.001,1,2,3200,1.808
TRA,10,0.001,1,2,4000,1.719
TRA,10,0.001,1,2,4800,1.639
TRA,10,0.001,2,2,800,1.589
TRA,10,0.001,2,2,1600,1.534
TRA,10,0.001,2,2,2400,1.488
TRA,10,0.001,2,2,3200,1.455
TRA,10,0.001,2,2,4000,1.478
TRA,10,0.001,2,2,4800,1.401
TRA_TIM,10,0.001,2,2,57.75,
TST,10,0.001,2,2,50.38,8.25
TRA,10,0.001,1,4,800,2.288
TRA,10,0.001,1,4,1600,2.074
TRA,10,0.001,1,4,2400,1.919
TRA,10,0.001,1,4,3200,1.793
TRA,10,0.001,1,4,4000,1.676
TRA,10,0.001,1,4,4800,1.585
TRA,10,0.001,2,4,800,1.516
TRA,10,0.001,2,4,1600,1.476
TRA,10,0.001,2,4,2400,1.462
TRA,10,0.001,2,4,3200,1.433
TRA,10,0.001,2,4,4000,1.395
TRA,10,0.001,2,4,4800,1.369
TRA,10,0.001,3,4,800,1.327
TRA,10,0.001,3,4,1600,1.323
TRA,10,0.001,3,4,2400,1.318
TRA,10,0.001,3,4,3200,1.288
TRA,10,0.001,3,4,4000,1.26
TRA,10,0.001,3,4,4800,1.257
TRA,10,0.001,4,4,800,1.201
TRA,10,0.001,4,4,1600,1.203
TRA,10,0.001,4,4,2400,1.205
TRA,10,0.001,4,4,3200,1.178
TRA,10,0.001,4,4,4000,1.183
TRA,10,0.001,4,4,4800,1.171
TRA_TIM,10,0.001,4,4,119.54,
TST,10,0.001,4,4,58.41,4.42
TRA,10,0.001,1,6,800,2.293
TRA,10,0.001,1,6,1600,2.102
TRA,10,0.001,1,6,2400,1.933
TRA,10,0.001,1,6,3200,1.784
TRA,10,0.001,1,6,4000,1.678
TRA,10,0.001,1,6,4800,1.627
TRA,10,0.001,2,6,800,1.56
TRA,10,0.001,2,6,1600,1.504
TRA,10,0.001,2,6,2400,1.494
TRA,10,0.001,2,6,3200,1.45
TRA,10,0.001,2,6,4000,1.439
TRA,10,0.001,2,6,4800,1.437
TRA,10,0.001,3,6,800,1.388
TRA,10,0.001,3,6,1600,1.354
TRA,10,0.001,3,6,2400,1.346
TRA,10,0.001,3,6,3200,1.332
TRA,10,0.001,3,6,4000,1.314
TRA,10,0.001,3,6,4800,1.312
TRA,10,0.001,4,6,800,1.287
TRA,10,0.001,4,6,1600,1.245
TRA,10,0.001,4,6,2400,1.256
TRA,10,0.001,4,6,3200,1.229
TRA,10,0.001,4,6,4000,1.223
TRA,10,0.001,4,6,4800,1.191
TRA,10,0.001,5,6,800,1.172
TRA,10,0.001,5,6,1600,1.153
TRA,10,0.001,5,6,2400,1.178
TRA,10,0.001,5,6,3200,1.151
TRA,10,0.001,5,6,4000,1.16
TRA,10,0.001,5,6,4800,1.126
TRA,10,0.001,6,6,800,1.097
TRA,10,0.001,6,6,1600,1.076
TRA,10,0.001,6,6,2400,1.09
TRA,10,0.001,6,6,3200,1.085
TRA,10,0.001,6,6,4000,1.086
TRA,10,0.001,6,6,4800,1.076
TRA_TIM,10,0.001,6,6,238.92,
TST,10,0.001,6,6,60.3,4.56
TRA,10,0.0001,1,2,800,2.304
TRA,10,0.0001,1,2,1600,2.302
TRA,10,0.0001,1,2,2400,2.303
TRA,10,0.0001,1,2,3200,2.301
TRA,10,0.0001,1,2,4000,2.3
TRA,10,0.0001,1,2,4800,2.299
TRA,10,0.0001,2,2,800,2.296
TRA,10,0.0001,2,2,1600,2.294
TRA,10,0.0001,2,2,2400,2.29
TRA,10,0.0001,2,2,3200,2.284
TRA,10,0.0001,2,2,4000,2.275
TRA,10,0.0001,2,2,4800,2.259
TRA_TIM,10,0.0001,2,2,89.22,
TST,10,0.0001,2,2,18.03,10.72
TRA,10,0.0001,1,4,800,2.304
TRA,10,0.0001,1,4,1600,2.304
TRA,10,0.0001,1,4,2400,2.302
TRA,10,0.0001,1,4,3200,2.301
TRA,10,0.0001,1,4,4000,2.301
TRA,10,0.0001,1,4,4800,2.3
TRA,10,0.0001,2,4,800,2.298
TRA,10,0.0001,2,4,1600,2.296
TRA,10,0.0001,2,4,2400,2.293
TRA,10,0.0001,2,4,3200,2.29
TRA,10,0.0001,2,4,4000,2.282
TRA,10,0.0001,2,4,4800,2.27
TRA,10,0.0001,3,4,800,2.241
TRA,10,0.0001,3,4,1600,2.219
TRA,10,0.0001,3,4,2400,2.195
TRA,10,0.0001,3,4,3200,2.177
TRA,10,0.0001,3,4,4000,2.15
TRA,10,0.0001,3,4,4800,2.12
TRA,10,0.0001,4,4,800,2.09
TRA,10,0.0001,4,4,1600,2.082
TRA,10,0.0001,4,4,2400,2.061
TRA,10,0.0001,4,4,3200,2.038
TRA,10,0.0001,4,4,4000,2.006
TRA,10,0.0001,4,4,4800,1.992
TRA_TIM,10,0.0001,4,4,125.71,
TST,10,0.0001,4,4,26.64,3.73
TRA,10,0.0001,1,6,800,2.304
TRA,10,0.0001,1,6,1600,2.302
TRA,10,0.0001,1,6,2400,2.301
TRA,10,0.0001,1,6,3200,2.3
TRA,10,0.0001,1,6,4000,2.298
TRA,10,0.0001,1,6,4800,2.297
TRA,10,0.0001,2,6,800,2.294
TRA,10,0.0001,2,6,1600,2.291
TRA,10,0.0001,2,6,2400,2.287
TRA,10,0.0001,2,6,3200,2.279
TRA,10,0.0001,2,6,4000,2.265
TRA,10,0.0001,2,6,4800,2.242
TRA,10,0.0001,3,6,800,2.182
TRA,10,0.0001,3,6,1600,2.129
TRA,10,0.0001,3,6,2400,2.066
TRA,10,0.0001,3,6,3200,2.035
TRA,10,0.0001,3,6,4000,1.981
TRA,10,0.0001,3,6,4800,1.938
TRA,10,0.0001,4,6,800,1.918
TRA,10,0.0001,4,6,1600,1.903
TRA,10,0.0001,4,6,2400,1.889
TRA,10,0.0001,4,6,3200,1.875
TRA,10,0.0001,4,6,4000,1.864
TRA,10,0.0001,4,6,4800,1.838
TRA,10,0.0001,5,6,800,1.818
TRA,10,0.0001,5,6,1600,1.784
TRA,10,0.0001,5,6,2400,1.786
TRA,10,0.0001,5,6,3200,1.758
TRA,10,0.0001,5,6,4000,1.767
TRA,10,0.0001,5,6,4800,1.726
TRA,10,0.0001,6,6,800,1.69
TRA,10,0.0001,6,6,1600,1.692
TRA,10,0.0001,6,6,2400,1.672
TRA,10,0.0001,6,6,3200,1.647
TRA,10,0.0001,6,6,4000,1.653
TRA,10,0.0001,6,6,4800,1.636
TRA_TIM,10,0.0001,6,6,187.06,
TST,10,0.0001,6,6,40.72,41.9
TRA,10,0.00001,1,2,800,2.308
TRA,10,0.00001,1,2,1600,2.306
TRA,10,0.00001,1,2,2400,2.306
TRA,10,0.00001,1,2,3200,2.307
TRA,10,0.00001,1,2,4000,2.306
TRA,10,0.00001,1,2,4800,2.308
TRA,10,0.00001,2,2,800,2.307
TRA,10,0.00001,2,2,1600,2.306
TRA,10,0.00001,2,2,2400,2.304
TRA,10,0.00001,2,2,3200,2.305
TRA,10,0.00001,2,2,4000,2.305
TRA,10,0.00001,2,2,4800,2.306
TRA_TIM,10,0.00001,2,2,92.77,
TST,10,0.00001,2,2,10.01,5.85
TRA,10,0.00001,1,4,800,2.304
TRA,10,0.00001,1,4,1600,2.304
TRA,10,0.00001,1,4,2400,2.305
TRA,10,0.00001,1,4,3200,2.305
TRA,10,0.00001,1,4,4000,2.305
TRA,10,0.00001,1,4,4800,2.304
TRA,10,0.00001,2,4,800,2.304
TRA,10,0.00001,2,4,1600,2.304
TRA,10,0.00001,2,4,2400,2.304
TRA,10,0.00001,2,4,3200,2.304
TRA,10,0.00001,2,4,4000,2.304
TRA,10,0.00001,2,4,4800,2.303
TRA,10,0.00001,3,4,800,2.305
TRA,10,0.00001,3,4,1600,2.303
TRA,10,0.00001,3,4,2400,2.303
TRA,10,0.00001,3,4,3200,2.303
TRA,10,0.00001,3,4,4000,2.303
TRA,10,0.00001,3,4,4800,2.303
TRA,10,0.00001,4,4,800,2.303
TRA,10,0.00001,4,4,1600,2.304
TRA,10,0.00001,4,4,2400,2.302
TRA,10,0.00001,4,4,3200,2.303
TRA,10,0.00001,4,4,4000,2.303
TRA,10,0.00001,4,4,4800,2.303
TRA_TIM,10,0.00001,4,4,113.36,
TST,10,0.00001,4,4,9.98,20.37
TRA,10,0.00001,1,6,800,2.305
TRA,10,0.00001,1,6,1600,2.303
TRA,10,0.00001,1,6,2400,2.303
TRA,10,0.00001,1,6,3200,2.304
TRA,10,0.00001,1,6,4000,2.304
TRA,10,0.00001,1,6,4800,2.301
TRA,10,0.00001,2,6,800,2.302
TRA,10,0.00001,2,6,1600,2.303
TRA,10,0.00001,2,6,2400,2.303
TRA,10,0.00001,2,6,3200,2.303
TRA,10,0.00001,2,6,4000,2.302
TRA,10,0.00001,2,6,4800,2.302
TRA,10,0.00001,3,6,800,2.303
TRA,10,0.00001,3,6,1600,2.301
TRA,10,0.00001,3,6,2400,2.3
TRA,10,0.00001,3,6,3200,2.301
TRA,10,0.00001,3,6,4000,2.301
TRA,10,0.00001,3,6,4800,2.3
TRA,10,0.00001,4,6,800,2.301
TRA,10,0.00001,4,6,1600,2.301
TRA,10,0.00001,4,6,2400,2.3
TRA,10,0.00001,4,6,3200,2.299
TRA,10,0.00001,4,6,4000,2.3
TRA,10,0.00001,4,6,4800,2.299
TRA,10,0.00001,5,6,800,2.299
TRA,10,0.00001,5,6,1600,2.299
TRA,10,0.00001,5,6,2400,2.299
TRA,10,0.00001,5,6,3200,2.299
TRA,10,0.00001,5,6,4000,2.298
TRA,10,0.00001,5,6,4800,2.298
TRA,10,0.00001,6,6,800,2.298
TRA,10,0.00001,6,6,1600,2.297
TRA,10,0.00001,6,6,2400,2.297
TRA,10,0.00001,6,6,3200,2.298
TRA,10,0.00001,6,6,4000,2.296
TRA,10,0.00001,6,6,4800,2.296
TRA_TIM,10,0.00001,6,6,175.28,
TST,10,0.00001,6,6,10,3.72
TRA,64,0.1,1,2,125,2.123
TRA,64,0.1,1,2,250,1.947
TRA,64,0.1,1,2,375,1.851
TRA,64,0.1,1,2,500,1.816
TRA,64,0.1,1,2,625,1.813
TRA,64,0.1,1,2,750,1.772
TRA,64,0.1,2,2,125,1.827
TRA,64,0.1,2,2,250,1.753
TRA,64,0.1,2,2,375,1.791
TRA,64,0.1,2,2,500,1.782
TRA,64,0.1,2,2,625,1.793
TRA,64,0.1,2,2,750,1.749
TRA_TIM,64,0.1,2,2,36.16,
TST,64,0.1,2,2,38.84,3.71
TRA,64,0.1,1,4,125,2.074
TRA,64,0.1,1,4,250,1.871
TRA,64,0.1,1,4,375,1.849
TRA,64,0.1,1,4,500,1.853
TRA,64,0.1,1,4,625,1.783
TRA,64,0.1,1,4,750,1.809
TRA,64,0.1,2,4,125,1.767
TRA,64,0.1,2,4,250,1.722
TRA,64,0.1,2,4,375,1.736
TRA,64,0.1,2,4,500,1.737
TRA,64,0.1,2,4,625,1.793
TRA,64,0.1,2,4,750,1.781
TRA,64,0.1,3,4,125,1.752
TRA,64,0.1,3,4,250,1.754
TRA,64,0.1,3,4,375,1.723
TRA,64,0.1,3,4,500,1.775
TRA,64,0.1,3,4,625,1.776
TRA,64,0.1,3,4,750,1.78
TRA,64,0.1,4,4,125,1.743
TRA,64,0.1,4,4,250,1.761
TRA,64,0.1,4,4,375,1.766
TRA,64,0.1,4,4,500,1.767
TRA,64,0.1,4,4,625,1.816
TRA,64,0.1,4,4,750,1.789
TRA_TIM,64,0.1,4,4,94.84,
TST,64,0.1,4,4,36.12,6.03
TRA,64,0.1,1,6,125,2.166
TRA,64,0.1,1,6,250,2.01
TRA,64,0.1,1,6,375,1.945
TRA,64,0.1,1,6,500,1.894
TRA,64,0.1,1,6,625,1.954
TRA,64,0.1,1,6,750,1.869
TRA,64,0.1,2,6,125,1.882
TRA,64,0.1,2,6,250,1.801
TRA,64,0.1,2,6,375,1.794
TRA,64,0.1,2,6,500,1.805
TRA,64,0.1,2,6,625,1.852
TRA,64,0.1,2,6,750,1.856
TRA,64,0.1,3,6,125,1.833
TRA,64,0.1,3,6,250,1.847
TRA,64,0.1,3,6,375,1.853
TRA,64,0.1,3,6,500,1.85
TRA,64,0.1,3,6,625,1.824
TRA,64,0.1,3,6,750,1.812
TRA,64,0.1,4,6,125,1.801
TRA,64,0.1,4,6,250,1.821
TRA,64,0.1,4,6,375,1.795
TRA,64,0.1,4,6,500,1.81
TRA,64,0.1,4,6,625,1.841
TRA,64,0.1,4,6,750,1.824
TRA,64,0.1,5,6,125,1.834
TRA,64,0.1,5,6,250,1.815
TRA,64,0.1,5,6,375,1.803
TRA,64,0.1,5,6,500,1.828
TRA,64,0.1,5,6,625,1.813
TRA,64,0.1,5,6,750,1.781
TRA,64,0.1,6,6,125,1.826
TRA,64,0.1,6,6,250,1.764
TRA,64,0.1,6,6,375,1.806
TRA,64,0.1,6,6,500,1.795
TRA,64,0.1,6,6,625,1.767
TRA,64,0.1,6,6,750,1.788
TRA_TIM,64,0.1,6,6,130,
TST,64,0.1,6,6,34.33,3.38
TRA,64,0.01,1,2,125,2.293
TRA,64,0.01,1,2,250,2.055
TRA,64,0.01,1,2,375,1.827
TRA,64,0.01,1,2,500,1.665
TRA,64,0.01,1,2,625,1.554
TRA,64,0.01,1,2,750,1.517
TRA,64,0.01,2,2,125,1.47
TRA,64,0.01,2,2,250,1.439
TRA,64,0.01,2,2,375,1.375
TRA,64,0.01,2,2,500,1.346
TRA,64,0.01,2,2,625,1.357
TRA,64,0.01,2,2,750,1.335
TRA_TIM,64,0.01,2,2,56.92,
TST,64,0.01,2,2,48.88,6.74
TRA,64,0.01,1,4,125,2.299
TRA,64,0.01,1,4,250,2.134
TRA,64,0.01,1,4,375,1.846
TRA,64,0.01,1,4,500,1.729
TRA,64,0.01,1,4,625,1.655
TRA,64,0.01,1,4,750,1.582
TRA,64,0.01,2,4,125,1.553
TRA,64,0.01,2,4,250,1.499
TRA,64,0.01,2,4,375,1.448
TRA,64,0.01,2,4,500,1.406
TRA,64,0.01,2,4,625,1.386
TRA,64,0.01,2,4,750,1.38
TRA,64,0.01,3,4,125,1.317
TRA,64,0.01,3,4,250,1.301
TRA,64,0.01,3,4,375,1.264
TRA,64,0.01,3,4,500,1.28
TRA,64,0.01,3,4,625,1.223
TRA,64,0.01,3,4,750,1.233
TRA,64,0.01,4,4,125,1.178
TRA,64,0.01,4,4,250,1.153
TRA,64,0.01,4,4,375,1.158
TRA,64,0.01,4,4,500,1.19
TRA,64,0.01,4,4,625,1.156
TRA,64,0.01,4,4,750,1.151
TRA_TIM,64,0.01,4,4,75.04,
TST,64,0.01,4,4,56.98,1.98
TRA,64,0.01,1,6,125,2.301
TRA,64,0.01,1,6,250,2.161
TRA,64,0.01,1,6,375,1.839
TRA,64,0.01,1,6,500,1.693
TRA,64,0.01,1,6,625,1.636
TRA,64,0.01,1,6,750,1.564
TRA,64,0.01,2,6,125,1.504
TRA,64,0.01,2,6,250,1.484
TRA,64,0.01,2,6,375,1.419
TRA,64,0.01,2,6,500,1.389
TRA,64,0.01,2,6,625,1.39
TRA,64,0.01,2,6,750,1.341
TRA,64,0.01,3,6,125,1.279
TRA,64,0.01,3,6,250,1.249
TRA,64,0.01,3,6,375,1.282
TRA,64,0.01,3,6,500,1.21
TRA,64,0.01,3,6,625,1.235
TRA,64,0.01,3,6,750,1.217
TRA,64,0.01,4,6,125,1.146
TRA,64,0.01,4,6,250,1.177
TRA,64,0.01,4,6,375,1.156
TRA,64,0.01,4,6,500,1.113
TRA,64,0.01,4,6,625,1.14
TRA,64,0.01,4,6,750,1.1
TRA,64,0.01,5,6,125,1.061
TRA,64,0.01,5,6,250,1.059
TRA,64,0.01,5,6,375,1.039
TRA,64,0.01,5,6,500,1.068
TRA,64,0.01,5,6,625,1.057
TRA,64,0.01,5,6,750,1.088
TRA,64,0.01,6,6,125,0.988
TRA,64,0.01,6,6,250,0.985
TRA,64,0.01,6,6,375,0.994
TRA,64,0.01,6,6,500,1.009
TRA,64,0.01,6,6,625,1.004
TRA,64,0.01,6,6,750,0.989
TRA_TIM,64,0.01,6,6,96.71,
TST,64,0.01,6,6,63.54,2.68
TRA,64,0.001,1,2,125,2.302
TRA,64,0.001,1,2,250,2.301
TRA,64,0.001,1,2,375,2.299
TRA,64,0.001,1,2,500,2.295
TRA,64,0.001,1,2,625,2.289
TRA,64,0.001,1,2,750,2.278
TRA,64,0.001,2,2,125,2.24
TRA,64,0.001,2,2,250,2.192
TRA,64,0.001,2,2,375,2.13
TRA,64,0.001,2,2,500,2.063
TRA,64,0.001,2,2,625,2.003
TRA,64,0.001,2,2,750,1.962
TRA_TIM,64,0.001,2,2,50.95,
TST,64,0.001,2,2,30.58,3.04
TRA,64,0.001,1,4,125,2.303
TRA,64,0.001,1,4,250,2.301
TRA,64,0.001,1,4,375,2.299
TRA,64,0.001,1,4,500,2.297
TRA,64,0.001,1,4,625,2.292
TRA,64,0.001,1,4,750,2.285
TRA,64,0.001,2,4,125,2.263
TRA,64,0.001,2,4,250,2.217
TRA,64,0.001,2,4,375,2.113
TRA,64,0.001,2,4,500,2.024
TRA,64,0.001,2,4,625,1.954
TRA,64,0.001,2,4,750,1.932
TRA,64,0.001,3,4,125,1.864
TRA,64,0.001,3,4,250,1.837
TRA,64,0.001,3,4,375,1.791
TRA,64,0.001,3,4,500,1.769
TRA,64,0.001,3,4,625,1.748
TRA,64,0.001,3,4,750,1.743
TRA,64,0.001,4,4,125,1.685
TRA,64,0.001,4,4,250,1.678
TRA,64,0.001,4,4,375,1.651
TRA,64,0.001,4,4,500,1.632
TRA,64,0.001,4,4,625,1.637
TRA,64,0.001,4,4,750,1.609
TRA_TIM,64,0.001,4,4,87.43,
TST,64,0.001,4,4,41.03,2.49
TRA,64,0.001,1,6,125,2.304
TRA,64,0.001,1,6,250,2.302
TRA,64,0.001,1,6,375,2.301
TRA,64,0.001,1,6,500,2.3
TRA,64,0.001,1,6,625,2.297
TRA,64,0.001,1,6,750,2.294
TRA,64,0.001,2,6,125,2.284
TRA,64,0.001,2,6,250,2.268
TRA,64,0.001,2,6,375,2.224
TRA,64,0.001,2,6,500,2.16
TRA,64,0.001,2,6,625,2.098
TRA,64,0.001,2,6,750,2.046
TRA,64,0.001,3,6,125,1.992
TRA,64,0.001,3,6,250,1.969
TRA,64,0.001,3,6,375,1.938
TRA,64,0.001,3,6,500,1.925
TRA,64,0.001,3,6,625,1.884
TRA,64,0.001,3,6,750,1.865
TRA,64,0.001,4,6,125,1.817
TRA,64,0.001,4,6,250,1.79
TRA,64,0.001,4,6,375,1.745
TRA,64,0.001,4,6,500,1.718
TRA,64,0.001,4,6,625,1.698
TRA,64,0.001,4,6,750,1.679
TRA,64,0.001,5,6,125,1.669
TRA,64,0.001,5,6,250,1.638
TRA,64,0.001,5,6,375,1.611
TRA,64,0.001,5,6,500,1.629
TRA,64,0.001,5,6,625,1.616
TRA,64,0.001,5,6,750,1.591
TRA,64,0.001,6,6,125,1.556
TRA,64,0.001,6,6,250,1.572
TRA,64,0.001,6,6,375,1.569
TRA,64,0.001,6,6,500,1.543
TRA,64,0.001,6,6,625,1.516
TRA,64,0.001,6,6,750,1.504
TRA_TIM,64,0.001,6,6,107.55,
TST,64,0.001,6,6,45.79,5.67
TRA,64,0.0001,1,2,125,2.305
TRA,64,0.0001,1,2,250,2.304
TRA,64,0.0001,1,2,375,2.304
TRA,64,0.0001,1,2,500,2.304
TRA,64,0.0001,1,2,625,2.303
TRA,64,0.0001,1,2,750,2.303
TRA,64,0.0001,2,2,125,2.303
TRA,64,0.0001,2,2,250,2.304
TRA,64,0.0001,2,2,375,2.304
TRA,64,0.0001,2,2,500,2.304
TRA,64,0.0001,2,2,625,2.302
TRA,64,0.0001,2,2,750,2.303
TRA_TIM,64,0.0001,2,2,42.89,
TST,64,0.0001,2,2,10.05,2.74
TRA,64,0.0001,1,4,125,2.303
TRA,64,0.0001,1,4,250,2.305
TRA,64,0.0001,1,4,375,2.304
TRA,64,0.0001,1,4,500,2.306
TRA,64,0.0001,1,4,625,2.304
TRA,64,0.0001,1,4,750,2.303
TRA,64,0.0001,2,4,125,2.303
TRA,64,0.0001,2,4,250,2.303
TRA,64,0.0001,2,4,375,2.303
TRA,64,0.0001,2,4,500,2.303
TRA,64,0.0001,2,4,625,2.303
TRA,64,0.0001,2,4,750,2.303
TRA,64,0.0001,3,4,125,2.302
TRA,64,0.0001,3,4,250,2.301
TRA,64,0.0001,3,4,375,2.303
TRA,64,0.0001,3,4,500,2.303
TRA,64,0.0001,3,4,625,2.301
TRA,64,0.0001,3,4,750,2.302
TRA,64,0.0001,4,4,125,2.301
TRA,64,0.0001,4,4,250,2.302
TRA,64,0.0001,4,4,375,2.302
TRA,64,0.0001,4,4,500,2.301
TRA,64,0.0001,4,4,625,2.301
TRA,64,0.0001,4,4,750,2.302
TRA_TIM,64,0.0001,4,4,73.69,
TST,64,0.0001,4,4,10,2.43
TRA,64,0.0001,1,6,125,2.304
TRA,64,0.0001,1,6,250,2.304
TRA,64,0.0001,1,6,375,2.303
TRA,64,0.0001,1,6,500,2.304
TRA,64,0.0001,1,6,625,2.303
TRA,64,0.0001,1,6,750,2.303
TRA,64,0.0001,2,6,125,2.303
TRA,64,0.0001,2,6,250,2.303
TRA,64,0.0001,2,6,375,2.304
TRA,64,0.0001,2,6,500,2.303
TRA,64,0.0001,2,6,625,2.301
TRA,64,0.0001,2,6,750,2.302
TRA,64,0.0001,3,6,125,2.302
TRA,64,0.0001,3,6,250,2.302
TRA,64,0.0001,3,6,375,2.301
TRA,64,0.0001,3,6,500,2.302
TRA,64,0.0001,3,6,625,2.302
TRA,64,0.0001,3,6,750,2.302
TRA,64,0.0001,4,6,125,2.301
TRA,64,0.0001,4,6,250,2.301
TRA,64,0.0001,4,6,375,2.301
TRA,64,0.0001,4,6,500,2.3
TRA,64,0.0001,4,6,625,2.3
TRA,64,0.0001,4,6,750,2.3
TRA,64,0.0001,5,6,125,2.3
TRA,64,0.0001,5,6,250,2.3
TRA,64,0.0001,5,6,375,2.3
TRA,64,0.0001,5,6,500,2.3
TRA,64,0.0001,5,6,625,2.299
TRA,64,0.0001,5,6,750,2.3
TRA,64,0.0001,6,6,125,2.299
TRA,64,0.0001,6,6,250,2.298
TRA,64,0.0001,6,6,375,2.298
TRA,64,0.0001,6,6,500,2.298
TRA,64,0.0001,6,6,625,2.298
TRA,64,0.0001,6,6,750,2.298
TRA_TIM,64,0.0001,6,6,112.54,
TST,64,0.0001,6,6,16.92,2.91
TRA,64,0.00001,1,2,125,2.307
TRA,64,0.00001,1,2,250,2.306
TRA,64,0.00001,1,2,375,2.303
TRA,64,0.00001,1,2,500,2.306
TRA,64,0.00001,1,2,625,2.305
TRA,64,0.00001,1,2,750,2.305
TRA,64,0.00001,2,2,125,2.305
TRA,64,0.00001,2,2,250,2.305
TRA,64,0.00001,2,2,375,2.305
TRA,64,0.00001,2,2,500,2.306
TRA,64,0.00001,2,2,625,2.304
TRA,64,0.00001,2,2,750,2.304
TRA_TIM,64,0.00001,2,2,48.75,
TST,64,0.00001,2,2,9.7,3.06
TRA,64,0.00001,1,4,125,2.303
TRA,64,0.00001,1,4,250,2.303
TRA,64,0.00001,1,4,375,2.303
TRA,64,0.00001,1,4,500,2.302
TRA,64,0.00001,1,4,625,2.303
TRA,64,0.00001,1,4,750,2.303
TRA,64,0.00001,2,4,125,2.303
TRA,64,0.00001,2,4,250,2.303
TRA,64,0.00001,2,4,375,2.302
TRA,64,0.00001,2,4,500,2.303
TRA,64,0.00001,2,4,625,2.302
TRA,64,0.00001,2,4,750,2.303
TRA,64,0.00001,3,4,125,2.303
TRA,64,0.00001,3,4,250,2.303
TRA,64,0.00001,3,4,375,2.302
TRA,64,0.00001,3,4,500,2.303
TRA,64,0.00001,3,4,625,2.303
TRA,64,0.00001,3,4,750,2.303
TRA,64,0.00001,4,4,125,2.302
TRA,64,0.00001,4,4,250,2.303
TRA,64,0.00001,4,4,375,2.303
TRA,64,0.00001,4,4,500,2.303
TRA,64,0.00001,4,4,625,2.302
TRA,64,0.00001,4,4,750,2.302
TRA_TIM,64,0.00001,4,4,72.51,
TST,64,0.00001,4,4,9.78,3.98
TRA,64,0.00001,1,6,125,2.306
TRA,64,0.00001,1,6,250,2.305
TRA,64,0.00001,1,6,375,2.306
TRA,64,0.00001,1,6,500,2.306
TRA,64,0.00001,1,6,625,2.304
TRA,64,0.00001,1,6,750,2.306
TRA,64,0.00001,2,6,125,2.306
TRA,64,0.00001,2,6,250,2.305
TRA,64,0.00001,2,6,375,2.306
TRA,64,0.00001,2,6,500,2.304
TRA,64,0.00001,2,6,625,2.305
TRA,64,0.00001,2,6,750,2.305
TRA,64,0.00001,3,6,125,2.305
TRA,64,0.00001,3,6,250,2.305
TRA,64,0.00001,3,6,375,2.305
TRA,64,0.00001,3,6,500,2.305
TRA,64,0.00001,3,6,625,2.306
TRA,64,0.00001,3,6,750,2.305
TRA,64,0.00001,4,6,125,2.305
TRA,64,0.00001,4,6,250,2.307
TRA,64,0.00001,4,6,375,2.305
TRA,64,0.00001,4,6,500,2.304
TRA,64,0.00001,4,6,625,2.305
TRA,64,0.00001,4,6,750,2.305
TRA,64,0.00001,5,6,125,2.306
TRA,64,0.00001,5,6,250,2.305
TRA,64,0.00001,5,6,375,2.306
TRA,64,0.00001,5,6,500,2.305
TRA,64,0.00001,5,6,625,2.304
TRA,64,0.00001,5,6,750,2.305
TRA,64,0.00001,6,6,125,2.305
TRA,64,0.00001,6,6,250,2.304
TRA,64,0.00001,6,6,375,2.305
TRA,64,0.00001,6,6,500,2.306
TRA,64,0.00001,6,6,625,2.305
TRA,64,0.00001,6,6,750,2.305
TRA_TIM,64,0.00001,6,6,127.31,
TST,64,0.00001,6,6,9.92,7.56
TRA,256,0.1,1,2,31,2.284
TRA,256,0.1,1,2,62,2.095
TRA,256,0.1,1,2,93,1.894
TRA,256,0.1,1,2,124,1.74
TRA,256,0.1,1,2,155,1.605
TRA,256,0.1,1,2,186,1.585
TRA,256,0.1,2,2,31,1.517
TRA,256,0.1,2,2,62,1.473
TRA,256,0.1,2,2,93,1.453
TRA,256,0.1,2,2,124,1.389
TRA,256,0.1,2,2,155,1.353
TRA,256,0.1,2,2,186,1.36
TRA_TIM,256,0.1,2,2,21.63,
TST,256,0.1,2,2,48.62,1.87
TRA,256,0.1,1,4,31,2.266
TRA,256,0.1,1,4,62,2.024
TRA,256,0.1,1,4,93,1.816
TRA,256,0.1,1,4,124,1.669
TRA,256,0.1,1,4,155,1.632
TRA,256,0.1,1,4,186,1.539
TRA,256,0.1,2,4,31,1.444
TRA,256,0.1,2,4,62,1.432
TRA,256,0.1,2,4,93,1.382
TRA,256,0.1,2,4,124,1.402
TRA,256,0.1,2,4,155,1.364
TRA,256,0.1,2,4,186,1.39
TRA,256,0.1,3,4,31,1.258
TRA,256,0.1,3,4,62,1.28
TRA,256,0.1,3,4,93,1.263
TRA,256,0.1,3,4,124,1.227
TRA,256,0.1,3,4,155,1.291
TRA,256,0.1,3,4,186,1.229
TRA,256,0.1,4,4,31,1.173
TRA,256,0.1,4,4,62,1.161
TRA,256,0.1,4,4,93,1.188
TRA,256,0.1,4,4,124,1.209
TRA,256,0.1,4,4,155,1.179
TRA,256,0.1,4,4,186,1.214
TRA_TIM,256,0.1,4,4,51.1,
TST,256,0.1,4,4,58.67,2.88
TRA,256,0.1,1,6,31,2.284
TRA,256,0.1,1,6,62,2.062
TRA,256,0.1,1,6,93,1.883
TRA,256,0.1,1,6,124,1.733
TRA,256,0.1,1,6,155,1.665
TRA,256,0.1,1,6,186,1.581
TRA,256,0.1,2,6,31,1.544
TRA,256,0.1,2,6,62,1.49
TRA,256,0.1,2,6,93,1.42
TRA,256,0.1,2,6,124,1.394
TRA,256,0.1,2,6,155,1.421
TRA,256,0.1,2,6,186,1.376
TRA,256,0.1,3,6,31,1.333
TRA,256,0.1,3,6,62,1.293
TRA,256,0.1,3,6,93,1.295
TRA,256,0.1,3,6,124,1.288
TRA,256,0.1,3,6,155,1.304
TRA,256,0.1,3,6,186,1.262
TRA,256,0.1,4,6,31,1.268
TRA,256,0.1,4,6,62,1.249
TRA,256,0.1,4,6,93,1.225
TRA,256,0.1,4,6,124,1.237
TRA,256,0.1,4,6,155,1.239
TRA,256,0.1,4,6,186,1.209
TRA,256,0.1,5,6,31,1.146
TRA,256,0.1,5,6,62,1.135
TRA,256,0.1,5,6,93,1.149
TRA,256,0.1,5,6,124,1.16
TRA,256,0.1,5,6,155,1.181
TRA,256,0.1,5,6,186,1.162
TRA,256,0.1,6,6,31,1.092
TRA,256,0.1,6,6,62,1.073
TRA,256,0.1,6,6,93,1.086
TRA,256,0.1,6,6,124,1.115
TRA,256,0.1,6,6,155,1.131
TRA,256,0.1,6,6,186,1.119
TRA_TIM,256,0.1,6,6,74.35,
TST,256,0.1,6,6,57.18,1.81
TRA,256,0.01,1,2,31,2.302
TRA,256,0.01,1,2,62,2.294
TRA,256,0.01,1,2,93,2.279
TRA,256,0.01,1,2,124,2.222
TRA,256,0.01,1,2,155,2.124
TRA,256,0.01,1,2,186,2.029
TRA,256,0.01,2,2,31,1.95
TRA,256,0.01,2,2,62,1.907
TRA,256,0.01,2,2,93,1.858
TRA,256,0.01,2,2,124,1.809
TRA,256,0.01,2,2,155,1.742
TRA,256,0.01,2,2,186,1.7
TRA_TIM,256,0.01,2,2,30.12,
TST,256,0.01,2,2,38.04,1.84
TRA,256,0.01,1,4,31,2.305
TRA,256,0.01,1,4,62,2.299
TRA,256,0.01,1,4,93,2.293
TRA,256,0.01,1,4,124,2.269
TRA,256,0.01,1,4,155,2.189
TRA,256,0.01,1,4,186,2.113
TRA,256,0.01,2,4,31,2.012
TRA,256,0.01,2,4,62,1.953
TRA,256,0.01,2,4,93,1.9
TRA,256,0.01,2,4,124,1.823
TRA,256,0.01,2,4,155,1.792
TRA,256,0.01,2,4,186,1.755
TRA,256,0.01,3,4,31,1.68
TRA,256,0.01,3,4,62,1.644
TRA,256,0.01,3,4,93,1.614
TRA,256,0.01,3,4,124,1.562
TRA,256,0.01,3,4,155,1.528
TRA,256,0.01,3,4,186,1.529
TRA,256,0.01,4,4,31,1.503
TRA,256,0.01,4,4,62,1.461
TRA,256,0.01,4,4,93,1.473
TRA,256,0.01,4,4,124,1.475
TRA,256,0.01,4,4,155,1.462
TRA,256,0.01,4,4,186,1.415
TRA_TIM,256,0.01,4,4,41.6,
TST,256,0.01,4,4,49.55,1.78
TRA,256,0.01,1,6,31,2.303
TRA,256,0.01,1,6,62,2.301
TRA,256,0.01,1,6,93,2.295
TRA,256,0.01,1,6,124,2.27
TRA,256,0.01,1,6,155,2.18
TRA,256,0.01,1,6,186,2.092
TRA,256,0.01,2,6,31,1.954
TRA,256,0.01,2,6,62,1.895
TRA,256,0.01,2,6,93,1.82
TRA,256,0.01,2,6,124,1.769
TRA,256,0.01,2,6,155,1.722
TRA,256,0.01,2,6,186,1.686
TRA,256,0.01,3,6,31,1.646
TRA,256,0.01,3,6,62,1.61
TRA,256,0.01,3,6,93,1.597
TRA,256,0.01,3,6,124,1.548
TRA,256,0.01,3,6,155,1.533
TRA,256,0.01,3,6,186,1.493
TRA,256,0.01,4,6,31,1.464
TRA,256,0.01,4,6,62,1.468
TRA,256,0.01,4,6,93,1.443
TRA,256,0.01,4,6,124,1.447
TRA,256,0.01,4,6,155,1.412
TRA,256,0.01,4,6,186,1.402
TRA,256,0.01,5,6,31,1.378
TRA,256,0.01,5,6,62,1.361
TRA,256,0.01,5,6,93,1.354
TRA,256,0.01,5,6,124,1.331
TRA,256,0.01,5,6,155,1.36
TRA,256,0.01,5,6,186,1.351
TRA,256,0.01,6,6,31,1.291
TRA,256,0.01,6,6,62,1.267
TRA,256,0.01,6,6,93,1.3
TRA,256,0.01,6,6,124,1.281
TRA,256,0.01,6,6,155,1.267
TRA,256,0.01,6,6,186,1.301
TRA_TIM,256,0.01,6,6,67.21,
TST,256,0.01,6,6,53.95,2.3
TRA,256,0.001,1,2,31,2.303
TRA,256,0.001,1,2,62,2.302
TRA,256,0.001,1,2,93,2.303
TRA,256,0.001,1,2,124,2.302
TRA,256,0.001,1,2,155,2.301
TRA,256,0.001,1,2,186,2.3
TRA,256,0.001,2,2,31,2.3
TRA,256,0.001,2,2,62,2.298
TRA,256,0.001,2,2,93,2.298
TRA,256,0.001,2,2,124,2.296
TRA,256,0.001,2,2,155,2.295
TRA,256,0.001,2,2,186,2.295
TRA_TIM,256,0.001,2,2,57.43,
TST,256,0.001,2,2,13.99,2.17
TRA,256,0.001,1,4,31,2.304
TRA,256,0.001,1,4,62,2.303
TRA,256,0.001,1,4,93,2.303
TRA,256,0.001,1,4,124,2.302
TRA,256,0.001,1,4,155,2.301
TRA,256,0.001,1,4,186,2.301
TRA,256,0.001,2,4,31,2.3
TRA,256,0.001,2,4,62,2.298
TRA,256,0.001,2,4,93,2.297
TRA,256,0.001,2,4,124,2.296
TRA,256,0.001,2,4,155,2.295
TRA,256,0.001,2,4,186,2.293
TRA,256,0.001,3,4,31,2.291
TRA,256,0.001,3,4,62,2.289
TRA,256,0.001,3,4,93,2.287
TRA,256,0.001,3,4,124,2.282
TRA,256,0.001,3,4,155,2.278
TRA,256,0.001,3,4,186,2.275
TRA,256,0.001,4,4,31,2.266
TRA,256,0.001,4,4,62,2.257
TRA,256,0.001,4,4,93,2.248
TRA,256,0.001,4,4,124,2.237
TRA,256,0.001,4,4,155,2.226
TRA,256,0.001,4,4,186,2.217
TRA_TIM,256,0.001,4,4,43.64,
TST,256,0.001,4,4,18.06,1.67
TRA,256,0.001,1,6,31,2.305
TRA,256,0.001,1,6,62,2.305
TRA,256,0.001,1,6,93,2.304
TRA,256,0.001,1,6,124,2.304
TRA,256,0.001,1,6,155,2.303
TRA,256,0.001,1,6,186,2.302
TRA,256,0.001,2,6,31,2.301
TRA,256,0.001,2,6,62,2.302
TRA,256,0.001,2,6,93,2.301
TRA,256,0.001,2,6,124,2.301
TRA,256,0.001,2,6,155,2.301
TRA,256,0.001,2,6,186,2.3
TRA,256,0.001,3,6,31,2.299
TRA,256,0.001,3,6,62,2.298
TRA,256,0.001,3,6,93,2.297
TRA,256,0.001,3,6,124,2.297
TRA,256,0.001,3,6,155,2.296
TRA,256,0.001,3,6,186,2.295
TRA,256,0.001,4,6,31,2.293
TRA,256,0.001,4,6,62,2.292
TRA,256,0.001,4,6,93,2.291
TRA,256,0.001,4,6,124,2.289
TRA,256,0.001,4,6,155,2.287
TRA,256,0.001,4,6,186,2.284
TRA,256,0.001,5,6,31,2.28
TRA,256,0.001,5,6,62,2.275
TRA,256,0.001,5,6,93,2.272
TRA,256,0.001,5,6,124,2.264
TRA,256,0.001,5,6,155,2.255
TRA,256,0.001,5,6,186,2.243
TRA,256,0.001,6,6,31,2.233
TRA,256,0.001,6,6,62,2.221
TRA,256,0.001,6,6,93,2.202
TRA,256,0.001,6,6,124,2.187
TRA,256,0.001,6,6,155,2.164
TRA,256,0.001,6,6,186,2.141
TRA_TIM,256,0.001,6,6,68.49,
TST,256,0.001,6,6,20.93,1.86
TRA,256,0.0001,1,2,31,2.304
TRA,256,0.0001,1,2,62,2.305
TRA,256,0.0001,1,2,93,2.304
TRA,256,0.0001,1,2,124,2.304
TRA,256,0.0001,1,2,155,2.304
TRA,256,0.0001,1,2,186,2.304
TRA,256,0.0001,2,2,31,2.303
TRA,256,0.0001,2,2,62,2.304
TRA,256,0.0001,2,2,93,2.304
TRA,256,0.0001,2,2,124,2.303
TRA,256,0.0001,2,2,155,2.304
TRA,256,0.0001,2,2,186,2.304
TRA_TIM,256,0.0001,2,2,21.91,
TST,256,0.0001,2,2,9.99,1.68
TRA,256,0.0001,1,4,31,2.306
TRA,256,0.0001,1,4,62,2.307
TRA,256,0.0001,1,4,93,2.306
TRA,256,0.0001,1,4,124,2.306
TRA,256,0.0001,1,4,155,2.304
TRA,256,0.0001,1,4,186,2.306
TRA,256,0.0001,2,4,31,2.306
TRA,256,0.0001,2,4,62,2.306
TRA,256,0.0001,2,4,93,2.304
TRA,256,0.0001,2,4,124,2.306
TRA,256,0.0001,2,4,155,2.305
TRA,256,0.0001,2,4,186,2.305
TRA,256,0.0001,3,4,31,2.305
TRA,256,0.0001,3,4,62,2.304
TRA,256,0.0001,3,4,93,2.304
TRA,256,0.0001,3,4,124,2.304
TRA,256,0.0001,3,4,155,2.306
TRA,256,0.0001,3,4,186,2.305
TRA,256,0.0001,4,4,31,2.304
TRA,256,0.0001,4,4,62,2.305
TRA,256,0.0001,4,4,93,2.304
TRA,256,0.0001,4,4,124,2.304
TRA,256,0.0001,4,4,155,2.304
TRA,256,0.0001,4,4,186,2.305
TRA_TIM,256,0.0001,4,4,59.13,
TST,256,0.0001,4,4,11.91,2.6
TRA,256,0.0001,1,6,31,2.304
TRA,256,0.0001,1,6,62,2.305
TRA,256,0.0001,1,6,93,2.304
TRA,256,0.0001,1,6,124,2.304
TRA,256,0.0001,1,6,155,2.304
TRA,256,0.0001,1,6,186,2.304
TRA,256,0.0001,2,6,31,2.305
TRA,256,0.0001,2,6,62,2.305
TRA,256,0.0001,2,6,93,2.303
TRA,256,0.0001,2,6,124,2.303
TRA,256,0.0001,2,6,155,2.303
TRA,256,0.0001,2,6,186,2.305
TRA,256,0.0001,3,6,31,2.303
TRA,256,0.0001,3,6,62,2.303
TRA,256,0.0001,3,6,93,2.304
TRA,256,0.0001,3,6,124,2.303
TRA,256,0.0001,3,6,155,2.303
TRA,256,0.0001,3,6,186,2.304
TRA,256,0.0001,4,6,31,2.302
TRA,256,0.0001,4,6,62,2.304
TRA,256,0.0001,4,6,93,2.303
TRA,256,0.0001,4,6,124,2.302
TRA,256,0.0001,4,6,155,2.303
TRA,256,0.0001,4,6,186,2.302
TRA,256,0.0001,5,6,31,2.302
TRA,256,0.0001,5,6,62,2.302
TRA,256,0.0001,5,6,93,2.301
TRA,256,0.0001,5,6,124,2.303
TRA,256,0.0001,5,6,155,2.303
TRA,256,0.0001,5,6,186,2.302
TRA,256,0.0001,6,6,31,2.302
TRA,256,0.0001,6,6,62,2.302
TRA,256,0.0001,6,6,93,2.302
TRA,256,0.0001,6,6,124,2.302
TRA,256,0.0001,6,6,155,2.302
TRA,256,0.0001,6,6,186,2.302
TRA_TIM,256,0.0001,6,6,62.74,
TST,256,0.0001,6,6,9.53,1.77
TRA,256,0.00001,1,2,31,2.303
TRA,256,0.00001,1,2,62,2.303
TRA,256,0.00001,1,2,93,2.305
TRA,256,0.00001,1,2,124,2.304
TRA,256,0.00001,1,2,155,2.304
TRA,256,0.00001,1,2,186,2.305
TRA,256,0.00001,2,2,31,2.304
TRA,256,0.00001,2,2,62,2.304
TRA,256,0.00001,2,2,93,2.304
TRA,256,0.00001,2,2,124,2.304
TRA,256,0.00001,2,2,155,2.303
TRA,256,0.00001,2,2,186,2.305
TRA_TIM,256,0.00001,2,2,26.24,
TST,256,0.00001,2,2,9.38,1.88
TRA,256,0.00001,1,4,31,2.303
TRA,256,0.00001,1,4,62,2.304
TRA,256,0.00001,1,4,93,2.304
TRA,256,0.00001,1,4,124,2.304
TRA,256,0.00001,1,4,155,2.304
TRA,256,0.00001,1,4,186,2.303
TRA,256,0.00001,2,4,31,2.304
TRA,256,0.00001,2,4,62,2.303
TRA,256,0.00001,2,4,93,2.304
TRA,256,0.00001,2,4,124,2.304
TRA,256,0.00001,2,4,155,2.304
TRA,256,0.00001,2,4,186,2.303
TRA,256,0.00001,3,4,31,2.303
TRA,256,0.00001,3,4,62,2.304
TRA,256,0.00001,3,4,93,2.303
TRA,256,0.00001,3,4,124,2.303
TRA,256,0.00001,3,4,155,2.303
TRA,256,0.00001,3,4,186,2.304
TRA,256,0.00001,4,4,31,2.304
TRA,256,0.00001,4,4,62,2.303
TRA,256,0.00001,4,4,93,2.303
TRA,256,0.00001,4,4,124,2.304
TRA,256,0.00001,4,4,155,2.304
TRA,256,0.00001,4,4,186,2.303
TRA_TIM,256,0.00001,4,4,42.15,
TST,256,0.00001,4,4,10.46,3
TRA,256,0.00001,1,6,31,2.306
TRA,256,0.00001,1,6,62,2.307
TRA,256,0.00001,1,6,93,2.305
TRA,256,0.00001,1,6,124,2.306
TRA,256,0.00001,1,6,155,2.306
TRA,256,0.00001,1,6,186,2.307
TRA,256,0.00001,2,6,31,2.306
TRA,256,0.00001,2,6,62,2.308
TRA,256,0.00001,2,6,93,2.304
TRA,256,0.00001,2,6,124,2.305
TRA,256,0.00001,2,6,155,2.305
TRA,256,0.00001,2,6,186,2.307
TRA,256,0.00001,3,6,31,2.306
TRA,256,0.00001,3,6,62,2.304
TRA,256,0.00001,3,6,93,2.306
TRA,256,0.00001,3,6,124,2.306
TRA,256,0.00001,3,6,155,2.305
TRA,256,0.00001,3,6,186,2.308
TRA,256,0.00001,4,6,31,2.305
TRA,256,0.00001,4,6,62,2.307
TRA,256,0.00001,4,6,93,2.306
TRA,256,0.00001,4,6,124,2.307
TRA,256,0.00001,4,6,155,2.305
TRA,256,0.00001,4,6,186,2.306
TRA,256,0.00001,5,6,31,2.304
TRA,256,0.00001,5,6,62,2.306
TRA,256,0.00001,5,6,93,2.305
TRA,256,0.00001,5,6,124,2.306
TRA,256,0.00001,5,6,155,2.306
TRA,256,0.00001,5,6,186,2.307
TRA,256,0.00001,6,6,31,2.305
TRA,256,0.00001,6,6,62,2.307
TRA,256,0.00001,6,6,93,2.306
TRA,256,0.00001,6,6,124,2.305
TRA,256,0.00001,6,6,155,2.305
TRA,256,0.00001,6,6,186,2.306
TRA_TIM,256,0.00001,6,6,78.3,
TST,256,0.00001,6,6,10,1.72
