"TRA",4,0.1,1,2,2000,2.357
"TRA",4,0.1,1,2,4000,2.355
TRA,4,0.1,1,2,6000,2.352
TRA,4,0.1,1,2,8000,2.36
TRA,4,0.1,1,2,10000,2.36
TRA,4,0.1,1,2,12000,2.358
TRA,4,0.1,2,2,2000,2.354
TRA,4,0.1,2,2,4000,2.361
TRA,4,0.1,2,2,6000,2.36
TRA,4,0.1,2,2,8000,2.36
TRA,4,0.1,2,2,10000,2.361
TRA,4,0.1,2,2,12000,2.357
TRA_TIM,4,0.1,2,2,83.24,
TST,4,0.1,2,2,10,4.53
TRA,4,0.1,1,4,2000,2.358
TRA,4,0.1,1,4,4000,2.357
TRA,4,0.1,1,4,6000,2.357
TRA,4,0.1,1,4,8000,2.358
TRA,4,0.1,1,4,10000,2.36
TRA,4,0.1,1,4,12000,2.358
TRA,4,0.1,2,4,2000,2.363
TRA,4,0.1,2,4,4000,2.357
TRA,4,0.1,2,4,6000,2.362
TRA,4,0.1,2,4,8000,2.36
TRA,4,0.1,2,4,10000,2.36
TRA,4,0.1,2,4,12000,2.356
TRA,4,0.1,3,4,2000,2.359
TRA,4,0.1,3,4,4000,2.36
TRA,4,0.1,3,4,6000,2.361
TRA,4,0.1,3,4,8000,2.357
TRA,4,0.1,3,4,10000,2.36
TRA,4,0.1,3,4,12000,2.359
TRA,4,0.1,4,4,2000,2.357
TRA,4,0.1,4,4,4000,2.357
TRA,4,0.1,4,4,6000,2.359
TRA,4,0.1,4,4,8000,2.359
TRA,4,0.1,4,4,10000,2.361
TRA,4,0.1,4,4,12000,2.363
TRA_TIM,4,0.1,4,4,208.98,
TST,4,0.1,4,4,10,4.35
TRA,4,0.1,1,6,2000,2.358
TRA,4,0.1,1,6,4000,2.361
TRA,4,0.1,1,6,6000,2.358
TRA,4,0.1,1,6,8000,2.363
TRA,4,0.1,1,6,10000,2.36
TRA,4,0.1,1,6,12000,2.359
TRA,4,0.1,2,6,2000,2.363
TRA,4,0.1,2,6,4000,2.355
TRA,4,0.1,2,6,6000,2.365
TRA,4,0.1,2,6,8000,2.359
TRA,4,0.1,2,6,10000,2.359
TRA,4,0.1,2,6,12000,2.357
TRA,4,0.1,3,6,2000,2.356
TRA,4,0.1,3,6,4000,2.363
TRA,4,0.1,3,6,6000,2.36
TRA,4,0.1,3,6,8000,2.36
TRA,4,0.1,3,6,10000,2.362
TRA,4,0.1,3,6,12000,2.36
TRA,4,0.1,4,6,2000,2.355
TRA,4,0.1,4,6,4000,2.36
TRA,4,0.1,4,6,6000,2.358
TRA,4,0.1,4,6,8000,2.361
TRA,4,0.1,4,6,10000,2.358
TRA,4,0.1,4,6,12000,2.357
TRA,4,0.1,5,6,2000,2.363
TRA,4,0.1,5,6,4000,2.356
TRA,4,0.1,5,6,6000,2.357
TRA,4,0.1,5,6,8000,2.362
TRA,4,0.1,5,6,10000,2.362
TRA,4,0.1,5,6,12000,2.358
TRA,4,0.1,6,6,2000,2.361
TRA,4,0.1,6,6,4000,2.358
TRA,4,0.1,6,6,6000,2.364
TRA,4,0.1,6,6,8000,2.362
TRA,4,0.1,6,6,10000,2.36
TRA,4,0.1,6,6,12000,2.356
TRA_TIM,4,0.1,6,6,295.29,
TST,4,0.1,6,6,10,5.85
TRA,4,0.01,1,2,2000,2.1
TRA,4,0.01,1,2,4000,1.975
TRA,4,0.01,1,2,6000,1.948
TRA,4,0.01,1,2,8000,1.973
TRA,4,0.01,1,2,10000,1.991
TRA,4,0.01,1,2,12000,1.973
TRA,4,0.01,2,2,2000,1.975
TRA,4,0.01,2,2,4000,2.003
TRA,4,0.01,2,2,6000,1.971
TRA,4,0.01,2,2,8000,2.043
TRA,4,0.01,2,2,10000,2.032
TRA,4,0.01,2,2,12000,2.22
TRA_TIM,4,0.01,2,2,101.02,
TST,4,0.01,2,2,24.37,3.65
TRA,4,0.01,1,4,2000,2.097
TRA,4,0.01,1,4,4000,2.005
TRA,4,0.01,1,4,6000,1.983
TRA,4,0.01,1,4,8000,1.971
TRA,4,0.01,1,4,10000,1.955
TRA,4,0.01,1,4,12000,1.969
TRA,4,0.01,2,4,2000,1.955
TRA,4,0.01,2,4,4000,2
TRA,4,0.01,2,4,6000,2
TRA,4,0.01,2,4,8000,2.009
TRA,4,0.01,2,4,10000,2.002
TRA,4,0.01,2,4,12000,2.018
TRA,4,0.01,3,4,2000,2.006
TRA,4,0.01,3,4,4000,2.084
TRA,4,0.01,3,4,6000,2.054
TRA,4,0.01,3,4,8000,2.03
TRA,4,0.01,3,4,10000,2.041
TRA,4,0.01,3,4,12000,2.056
TRA,4,0.01,4,4,2000,2.091
TRA,4,0.01,4,4,4000,2.045
TRA,4,0.01,4,4,6000,2.036
TRA,4,0.01,4,4,8000,2.049
TRA,4,0.01,4,4,10000,2.081
TRA,4,0.01,4,4,12000,2.081
TRA_TIM,4,0.01,4,4,199.12,
TST,4,0.01,4,4,17.81,4.48
TRA,4,0.01,1,6,2000,2.08
TRA,4,0.01,1,6,4000,1.955
TRA,4,0.01,1,6,6000,1.927
TRA,4,0.01,1,6,8000,1.954
TRA,4,0.01,1,6,10000,1.942
TRA,4,0.01,1,6,12000,1.937
TRA,4,0.01,2,6,2000,1.923
TRA,4,0.01,2,6,4000,1.951
TRA,4,0.01,2,6,6000,1.959
TRA,4,0.01,2,6,8000,1.989
TRA,4,0.01,2,6,10000,2.009
TRA,4,0.01,2,6,12000,1.985
TRA,4,0.01,3,6,2000,2.011
TRA,4,0.01,3,6,4000,2.011
TRA,4,0.01,3,6,6000,2.019
TRA,4,0.01,3,6,8000,1.991
TRA,4,0.01,3,6,10000,1.987
TRA,4,0.01,3,6,12000,1.98
TRA,4,0.01,4,6,2000,1.951
TRA,4,0.01,4,6,4000,1.98
TRA,4,0.01,4,6,6000,1.979
TRA,4,0.01,4,6,8000,1.997
TRA,4,0.01,4,6,10000,1.944
TRA,4,0.01,4,6,12000,1.963
TRA,4,0.01,5,6,2000,1.971
TRA,4,0.01,5,6,4000,1.98
TRA,4,0.01,5,6,6000,1.977
TRA,4,0.01,5,6,8000,1.986
TRA,4,0.01,5,6,10000,1.984
TRA,4,0.01,5,6,12000,1.971
TRA,4,0.01,6,6,2000,2.026
TRA,4,0.01,6,6,4000,1.967
TRA,4,0.01,6,6,6000,1.953
TRA,4,0.01,6,6,8000,1.986
TRA,4,0.01,6,6,10000,1.969
TRA,4,0.01,6,6,12000,2.03
TRA_TIM,4,0.01,6,6,303.35,
TST,4,0.01,6,6,26.75,3.29
TRA,4,0.001,1,2,2000,2.189
TRA,4,0.001,1,2,4000,1.876
TRA,4,0.001,1,2,6000,1.675
TRA,4,0.001,1,2,8000,1.591
TRA,4,0.001,1,2,10000,1.505
TRA,4,0.001,1,2,12000,1.45
TRA,4,0.001,2,2,2000,1.392
TRA,4,0.001,2,2,4000,1.347
TRA,4,0.001,2,2,6000,1.34
TRA,4,0.001,2,2,8000,1.3
TRA,4,0.001,2,2,10000,1.277
TRA,4,0.001,2,2,12000,1.261
TRA_TIM,4,0.001,2,2,102.57,
TST,4,0.001,2,2,57.1,4.46
TRA,4,0.001,1,4,2000,2.251
TRA,4,0.001,1,4,4000,1.968
TRA,4,0.001,1,4,6000,1.748
TRA,4,0.001,1,4,8000,1.623
TRA,4,0.001,1,4,10000,1.542
TRA,4,0.001,1,4,12000,1.482
TRA,4,0.001,2,4,2000,1.41
TRA,4,0.001,2,4,4000,1.39
TRA,4,0.001,2,4,6000,1.362
TRA,4,0.001,2,4,8000,1.342
TRA,4,0.001,2,4,10000,1.318
TRA,4,0.001,2,4,12000,1.299
TRA,4,0.001,3,4,2000,1.254
TRA,4,0.001,3,4,4000,1.223
TRA,4,0.001,3,4,6000,1.245
TRA,4,0.001,3,4,8000,1.221
TRA,4,0.001,3,4,10000,1.199
TRA,4,0.001,3,4,12000,1.203
TRA,4,0.001,4,4,2000,1.139
TRA,4,0.001,4,4,4000,1.128
TRA,4,0.001,4,4,6000,1.155
TRA,4,0.001,4,4,8000,1.138
TRA,4,0.001,4,4,10000,1.146
TRA,4,0.001,4,4,12000,1.137
TRA_TIM,4,0.001,4,4,204.3,
TST,4,0.001,4,4,58.36,4.36
TRA,4,0.001,1,6,2000,2.171
TRA,4,0.001,1,6,4000,1.877
TRA,4,0.001,1,6,6000,1.695
TRA,4,0.001,1,6,8000,1.59
TRA,4,0.001,1,6,10000,1.521
TRA,4,0.001,1,6,12000,1.483
TRA,4,0.001,2,6,2000,1.381
TRA,4,0.001,2,6,4000,1.344
TRA,4,0.001,2,6,6000,1.349
TRA,4,0.001,2,6,8000,1.311
TRA,4,0.001,2,6,10000,1.306
TRA,4,0.001,2,6,12000,1.268
TRA,4,0.001,3,6,2000,1.198
TRA,4,0.001,3,6,4000,1.194
TRA,4,0.001,3,6,6000,1.192
TRA,4,0.001,3,6,8000,1.179
TRA,4,0.001,3,6,10000,1.172
TRA,4,0.001,3,6,12000,1.158
TRA,4,0.001,4,6,2000,1.09
TRA,4,0.001,4,6,4000,1.085
TRA,4,0.001,4,6,6000,1.101
TRA,4,0.001,4,6,8000,1.1
TRA,4,0.001,4,6,10000,1.086
TRA,4,0.001,4,6,12000,1.095
TRA,4,0.001,5,6,2000,1.024
TRA,4,0.001,5,6,4000,1.013
TRA,4,0.001,5,6,6000,1.016
TRA,4,0.001,5,6,8000,1.053
TRA,4,0.001,5,6,10000,1.028
TRA,4,0.001,5,6,12000,1.029
TRA,4,0.001,6,6,2000,0.95
TRA,4,0.001,6,6,4000,0.975
TRA,4,0.001,6,6,6000,0.965
TRA,4,0.001,6,6,8000,0.983
TRA,4,0.001,6,6,10000,0.994
TRA,4,0.001,6,6,12000,0.983
TRA_TIM,4,0.001,6,6,300.1,
TST,4,0.001,6,6,61.69,4.09
TRA,4,0.0001,1,2,2000,2.305
TRA,4,0.0001,1,2,4000,2.302
TRA,4,0.0001,1,2,6000,2.299
TRA,4,0.0001,1,2,8000,2.293
TRA,4,0.0001,1,2,10000,2.281
TRA,4,0.0001,1,2,12000,2.231
TRA,4,0.0001,2,2,2000,2.109
TRA,4,0.0001,2,2,4000,2.055
TRA,4,0.0001,2,2,6000,1.993
TRA,4,0.0001,2,2,8000,1.962
TRA,4,0.0001,2,2,10000,1.907
TRA,4,0.0001,2,2,12000,1.881
TRA_TIM,4,0.0001,2,2,96.28,
TST,4,0.0001,2,2,34.08,5.01
TRA,4,0.0001,1,4,2000,2.304
TRA,4,0.0001,1,4,4000,2.302
TRA,4,0.0001,1,4,6000,2.3
TRA,4,0.0001,1,4,8000,2.297
TRA,4,0.0001,1,4,10000,2.293
TRA,4,0.0001,1,4,12000,2.28
TRA,4,0.0001,2,4,2000,2.224
TRA,4,0.0001,2,4,4000,2.13
TRA,4,0.0001,2,4,6000,2.019
TRA,4,0.0001,2,4,8000,1.952
TRA,4,0.0001,2,4,10000,1.904
TRA,4,0.0001,2,4,12000,1.829
TRA,4,0.0001,3,4,2000,1.76
TRA,4,0.0001,3,4,4000,1.729
TRA,4,0.0001,3,4,6000,1.711
TRA,4,0.0001,3,4,8000,1.685
TRA,4,0.0001,3,4,10000,1.648
TRA,4,0.0001,3,4,12000,1.618
TRA,4,0.0001,4,4,2000,1.602
TRA,4,0.0001,4,4,4000,1.579
TRA,4,0.0001,4,4,6000,1.549
TRA,4,0.0001,4,4,8000,1.54
TRA,4,0.0001,4,4,10000,1.516
TRA,4,0.0001,4,4,12000,1.517
TRA_TIM,4,0.0001,4,4,199.84,
TST,4,0.0001,4,4,45.32,4.09
TRA,4,0.0001,1,6,2000,2.305
TRA,4,0.0001,1,6,4000,2.302
TRA,4,0.0001,1,6,6000,2.3
TRA,4,0.0001,1,6,8000,2.298
TRA,4,0.0001,1,6,10000,2.295
TRA,4,0.0001,1,6,12000,2.287
TRA,4,0.0001,2,6,2000,2.253
TRA,4,0.0001,2,6,4000,2.174
TRA,4,0.0001,2,6,6000,2.065
TRA,4,0.0001,2,6,8000,1.965
TRA,4,0.0001,2,6,10000,1.886
TRA,4,0.0001,2,6,12000,1.836
TRA,4,0.0001,3,6,2000,1.772
TRA,4,0.0001,3,6,4000,1.744
TRA,4,0.0001,3,6,6000,1.704
TRA,4,0.0001,3,6,8000,1.682
TRA,4,0.0001,3,6,10000,1.654
TRA,4,0.0001,3,6,12000,1.642
TRA,4,0.0001,4,6,2000,1.614
TRA,4,0.0001,4,6,4000,1.59
TRA,4,0.0001,4,6,6000,1.569
TRA,4,0.0001,4,6,8000,1.55
TRA,4,0.0001,4,6,10000,1.549
TRA,4,0.0001,4,6,12000,1.519
TRA,4,0.0001,5,6,2000,1.498
TRA,4,0.0001,5,6,4000,1.486
TRA,4,0.0001,5,6,6000,1.471
TRA,4,0.0001,5,6,8000,1.48
TRA,4,0.0001,5,6,10000,1.452
TRA,4,0.0001,5,6,12000,1.446
TRA,4,0.0001,6,6,2000,1.43
TRA,4,0.0001,6,6,4000,1.416
TRA,4,0.0001,6,6,6000,1.402
TRA,4,0.0001,6,6,8000,1.391
TRA,4,0.0001,6,6,10000,1.376
TRA,4,0.0001,6,6,12000,1.382
TRA_TIM,4,0.0001,6,6,297.15,
TST,4,0.0001,6,6,51.13,5
TRA,4,0.00001,1,2,2000,2.303
TRA,4,0.00001,1,2,4000,2.305
TRA,4,0.00001,1,2,6000,2.304
TRA,4,0.00001,1,2,8000,2.305
TRA,4,0.00001,1,2,10000,2.304
TRA,4,0.00001,1,2,12000,2.303
TRA,4,0.00001,2,2,2000,2.303
TRA,4,0.00001,2,2,4000,2.304
TRA,4,0.00001,2,2,6000,2.303
TRA,4,0.00001,2,2,8000,2.303
TRA,4,0.00001,2,2,10000,2.303
TRA,4,0.00001,2,2,12000,2.303
TRA_TIM,4,0.00001,2,2,102.9,
TST,4,0.00001,2,2,11.65,3.15
TRA,4,0.00001,1,4,2000,2.305
TRA,4,0.00001,1,4,4000,2.305
TRA,4,0.00001,1,4,6000,2.304
TRA,4,0.00001,1,4,8000,2.304
TRA,4,0.00001,1,4,10000,2.304
TRA,4,0.00001,1,4,12000,2.304
TRA,4,0.00001,2,4,2000,2.305
TRA,4,0.00001,2,4,4000,2.303
TRA,4,0.00001,2,4,6000,2.303
TRA,4,0.00001,2,4,8000,2.304
TRA,4,0.00001,2,4,10000,2.302
TRA,4,0.00001,2,4,12000,2.302
TRA,4,0.00001,3,4,2000,2.301
TRA,4,0.00001,3,4,4000,2.302
TRA,4,0.00001,3,4,6000,2.301
TRA,4,0.00001,3,4,8000,2.301
TRA,4,0.00001,3,4,10000,2.302
TRA,4,0.00001,3,4,12000,2.301
TRA,4,0.00001,4,4,2000,2.301
TRA,4,0.00001,4,4,4000,2.3
TRA,4,0.00001,4,4,6000,2.3
TRA,4,0.00001,4,4,8000,2.298
TRA,4,0.00001,4,4,10000,2.299
TRA,4,0.00001,4,4,12000,2.298
TRA_TIM,4,0.00001,4,4,204.72,
TST,4,0.00001,4,4,11.75,4.41
TRA,4,0.00001,1,6,2000,2.305
TRA,4,0.00001,1,6,4000,2.304
TRA,4,0.00001,1,6,6000,2.303
TRA,4,0.00001,1,6,8000,2.304
TRA,4,0.00001,1,6,10000,2.303
TRA,4,0.00001,1,6,12000,2.304
TRA,4,0.00001,2,6,2000,2.303
TRA,4,0.00001,2,6,4000,2.303
TRA,4,0.00001,2,6,6000,2.303
TRA,4,0.00001,2,6,8000,2.302
TRA,4,0.00001,2,6,10000,2.302
TRA,4,0.00001,2,6,12000,2.302
TRA,4,0.00001,3,6,2000,2.303
TRA,4,0.00001,3,6,4000,2.302
TRA,4,0.00001,3,6,6000,2.302
TRA,4,0.00001,3,6,8000,2.301
TRA,4,0.00001,3,6,10000,2.301
TRA,4,0.00001,3,6,12000,2.3
TRA,4,0.00001,4,6,2000,2.301
TRA,4,0.00001,4,6,4000,2.3
TRA,4,0.00001,4,6,6000,2.3
TRA,4,0.00001,4,6,8000,2.3
TRA,4,0.00001,4,6,10000,2.3
TRA,4,0.00001,4,6,12000,2.3
TRA,4,0.00001,5,6,2000,2.299
TRA,4,0.00001,5,6,4000,2.299
TRA,4,0.00001,5,6,6000,2.299
TRA,4,0.00001,5,6,8000,2.298
TRA,4,0.00001,5,6,10000,2.298
TRA,4,0.00001,5,6,12000,2.298
TRA,4,0.00001,6,6,2000,2.297
TRA,4,0.00001,6,6,4000,2.297
TRA,4,0.00001,6,6,6000,2.297
TRA,4,0.00001,6,6,8000,2.296
TRA,4,0.00001,6,6,10000,2.296
TRA,4,0.00001,6,6,12000,2.295
TRA_TIM,4,0.00001,6,6,293.91,
TST,4,0.00001,6,6,15.28,3.52
TRA,10,0.1,1,2,800,2.325
TRA,10,0.1,1,2,1600,2.326
TRA,10,0.1,1,2,2400,2.325
TRA,10,0.1,1,2,3200,2.321
TRA,10,0.1,1,2,4000,2.324
TRA,10,0.1,1,2,4800,2.324
TRA,10,0.1,2,2,800,2.326
TRA,10,0.1,2,2,1600,2.323
TRA,10,0.1,2,2,2400,2.326
TRA,10,0.1,2,2,3200,2.324
TRA,10,0.1,2,2,4000,2.324
TRA,10,0.1,2,2,4800,2.327
TRA_TIM,10,0.1,2,2,41.82,
TST,10,0.1,2,2,10,2.64
TRA,10,0.1,1,4,800,2.325
TRA,10,0.1,1,4,1600,2.323
TRA,10,0.1,1,4,2400,2.324
TRA,10,0.1,1,4,3200,2.325
TRA,10,0.1,1,4,4000,2.326
TRA,10,0.1,1,4,4800,2.327
TRA,10,0.1,2,4,800,2.325
TRA,10,0.1,2,4,1600,2.325
TRA,10,0.1,2,4,2400,2.327
TRA,10,0.1,2,4,3200,2.325
TRA,10,0.1,2,4,4000,2.326
TRA,10,0.1,2,4,4800,2.325
TRA,10,0.1,3,4,800,2.323
TRA,10,0.1,3,4,1600,2.329
TRA,10,0.1,3,4,2400,2.323
TRA,10,0.1,3,4,3200,2.327
TRA,10,0.1,3,4,4000,2.323
TRA,10,0.1,3,4,4800,2.323
TRA,10,0.1,4,4,800,2.329
TRA,10,0.1,4,4,1600,2.325
TRA,10,0.1,4,4,2400,2.328
TRA,10,0.1,4,4,3200,2.327
TRA,10,0.1,4,4,4000,2.322
TRA,10,0.1,4,4,4800,2.328
TRA_TIM,10,0.1,4,4,80.71,
TST,10,0.1,4,4,10,2.17
TRA,10,0.1,1,6,800,2.327
TRA,10,0.1,1,6,1600,2.324
TRA,10,0.1,1,6,2400,2.324
TRA,10,0.1,1,6,3200,2.323
TRA,10,0.1,1,6,4000,2.324
TRA,10,0.1,1,6,4800,2.328
TRA,10,0.1,2,6,800,2.324
TRA,10,0.1,2,6,1600,2.324
TRA,10,0.1,2,6,2400,2.325
TRA,10,0.1,2,6,3200,2.324
TRA,10,0.1,2,6,4000,2.328
TRA,10,0.1,2,6,4800,2.325
TRA,10,0.1,3,6,800,2.324
TRA,10,0.1,3,6,1600,2.323
TRA,10,0.1,3,6,2400,2.325
TRA,10,0.1,3,6,3200,2.324
TRA,10,0.1,3,6,4000,2.327
TRA,10,0.1,3,6,4800,2.324
TRA,10,0.1,4,6,800,2.327
TRA,10,0.1,4,6,1600,2.324
TRA,10,0.1,4,6,2400,2.324
TRA,10,0.1,4,6,3200,2.328
TRA,10,0.1,4,6,4000,2.325
TRA,10,0.1,4,6,4800,2.324
TRA,10,0.1,5,6,800,2.324
TRA,10,0.1,5,6,1600,2.324
TRA,10,0.1,5,6,2400,2.326
TRA,10,0.1,5,6,3200,2.324
TRA,10,0.1,5,6,4000,2.322
TRA,10,0.1,5,6,4800,2.326
TRA,10,0.1,6,6,800,2.323
TRA,10,0.1,6,6,1600,2.325
TRA,10,0.1,6,6,2400,2.325
TRA,10,0.1,6,6,3200,2.322
TRA,10,0.1,6,6,4000,2.325
TRA,10,0.1,6,6,4800,2.328
TRA_TIM,10,0.1,6,6,118.83,
TST,10,0.1,6,6,10,2.3
TRA,10,0.01,1,2,800,2.053
TRA,10,0.01,1,2,1600,1.757
TRA,10,0.01,1,2,2400,1.662
TRA,10,0.01,1,2,3200,1.617
TRA,10,0.01,1,2,4000,1.562
TRA,10,0.01,1,2,4800,1.57
TRA,10,0.01,2,2,800,1.541
TRA,10,0.01,2,2,1600,1.51
TRA,10,0.01,2,2,2400,1.483
TRA,10,0.01,2,2,3200,1.507
TRA,10,0.01,2,2,4000,1.492
TRA,10,0.01,2,2,4800,1.502
TRA_TIM,10,0.01,2,2,40.06,
TST,10,0.01,2,2,47.04,2.14
TRA,10,0.01,1,4,800,2.043
TRA,10,0.01,1,4,1600,1.773
TRA,10,0.01,1,4,2400,1.68
TRA,10,0.01,1,4,3200,1.604
TRA,10,0.01,1,4,4000,1.6
TRA,10,0.01,1,4,4800,1.546
TRA,10,0.01,2,4,800,1.508
TRA,10,0.01,2,4,1600,1.547
TRA,10,0.01,2,4,2400,1.504
TRA,10,0.01,2,4,3200,1.507
TRA,10,0.01,2,4,4000,1.5
TRA,10,0.01,2,4,4800,1.491
TRA,10,0.01,3,4,800,1.459
TRA,10,0.01,3,4,1600,1.467
TRA,10,0.01,3,4,2400,1.494
TRA,10,0.01,3,4,3200,1.471
TRA,10,0.01,3,4,4000,1.482
TRA,10,0.01,3,4,4800,1.474
TRA,10,0.01,4,4,800,1.424
TRA,10,0.01,4,4,1600,1.459
TRA,10,0.01,4,4,2400,1.475
TRA,10,0.01,4,4,3200,1.502
TRA,10,0.01,4,4,4000,1.457
TRA,10,0.01,4,4,4800,1.486
TRA_TIM,10,0.01,4,4,78.48,
TST,10,0.01,4,4,45.34,2.15
TRA,10,0.01,1,6,800,2.03
TRA,10,0.01,1,6,1600,1.748
TRA,10,0.01,1,6,2400,1.642
TRA,10,0.01,1,6,3200,1.617
TRA,10,0.01,1,6,4000,1.569
TRA,10,0.01,1,6,4800,1.579
TRA,10,0.01,2,6,800,1.5
TRA,10,0.01,2,6,1600,1.522
TRA,10,0.01,2,6,2400,1.511
TRA,10,0.01,2,6,3200,1.508
TRA,10,0.01,2,6,4000,1.49
TRA,10,0.01,2,6,4800,1.507
TRA,10,0.01,3,6,800,1.451
TRA,10,0.01,3,6,1600,1.469
TRA,10,0.01,3,6,2400,1.484
TRA,10,0.01,3,6,3200,1.47
TRA,10,0.01,3,6,4000,1.466
TRA,10,0.01,3,6,4800,1.478
TRA,10,0.01,4,6,800,1.423
TRA,10,0.01,4,6,1600,1.452
TRA,10,0.01,4,6,2400,1.426
TRA,10,0.01,4,6,3200,1.477
TRA,10,0.01,4,6,4000,1.471
TRA,10,0.01,4,6,4800,1.47
TRA,10,0.01,5,6,800,1.418
TRA,10,0.01,5,6,1600,1.423
TRA,10,0.01,5,6,2400,1.481
TRA,10,0.01,5,6,3200,1.456
TRA,10,0.01,5,6,4000,1.45
TRA,10,0.01,5,6,4800,1.459
TRA,10,0.01,6,6,800,1.403
TRA,10,0.01,6,6,1600,1.402
TRA,10,0.01,6,6,2400,1.457
TRA,10,0.01,6,6,3200,1.439
TRA,10,0.01,6,6,4000,1.452
TRA,10,0.01,6,6,4800,1.441
TRA_TIM,10,0.01,6,6,119.34,
TST,10,0.01,6,6,46.38,2.14
TRA,10,0.001,1,2,800,2.301
TRA,10,0.001,1,2,1600,2.223
TRA,10,0.001,1,2,2400,2.023
TRA,10,0.001,1,2,3200,1.906
TRA,10,0.001,1,2,4000,1.8
TRA,10,0.001,1,2,4800,1.687
TRA,10,0.001,2,2,800,1.561
TRA,10,0.001,2,2,1600,1.528
TRA,10,0.001,2,2,2400,1.489
TRA,10,0.001,2,2,3200,1.443
TRA,10,0.001,2,2,4000,1.405
TRA,10,0.001,2,2,4800,1.388
TRA_TIM,10,0.001,2,2,41.19,
TST,10,0.001,2,2,50.03,2.07
TRA,10,0.001,1,4,800,2.287
TRA,10,0.001,1,4,1600,2.12
TRA,10,0.001,1,4,2400,1.959
TRA,10,0.001,1,4,3200,1.784
TRA,10,0.001,1,4,4000,1.683
TRA,10,0.001,1,4,4800,1.619
TRA,10,0.001,2,4,800,1.564
TRA,10,0.001,2,4,1600,1.524
TRA,10,0.001,2,4,2400,1.498
TRA,10,0.001,2,4,3200,1.476
TRA,10,0.001,2,4,4000,1.438
TRA,10,0.001,2,4,4800,1.394
TRA,10,0.001,3,4,800,1.355
TRA,10,0.001,3,4,1600,1.348
TRA,10,0.001,3,4,2400,1.313
TRA,10,0.001,3,4,3200,1.316
TRA,10,0.001,3,4,4000,1.288
TRA,10,0.001,3,4,4800,1.245
TRA,10,0.001,4,4,800,1.196
TRA,10,0.001,4,4,1600,1.2
TRA,10,0.001,4,4,2400,1.208
TRA,10,0.001,4,4,3200,1.192
TRA,10,0.001,4,4,4000,1.171
TRA,10,0.001,4,4,4800,1.17
TRA_TIM,10,0.001,4,4,78.79,
TST,10,0.001,4,4,56.42,1.85
TRA,10,0.001,1,6,800,2.296
TRA,10,0.001,1,6,1600,2.182
TRA,10,0.001,1,6,2400,1.982
TRA,10,0.001,1,6,3200,1.825
TRA,10,0.001,1,6,4000,1.688
TRA,10,0.001,1,6,4800,1.615
TRA,10,0.001,2,6,800,1.564
TRA,10,0.001,2,6,1600,1.548
TRA,10,0.001,2,6,2400,1.459
TRA,10,0.001,2,6,3200,1.446
TRA,10,0.001,2,6,4000,1.431
TRA,10,0.001,2,6,4800,1.413
TRA,10,0.001,3,6,800,1.345
TRA,10,0.001,3,6,1600,1.353
TRA,10,0.001,3,6,2400,1.34
TRA,10,0.001,3,6,3200,1.307
TRA,10,0.001,3,6,4000,1.297
TRA,10,0.001,3,6,4800,1.264
TRA,10,0.001,4,6,800,1.218
TRA,10,0.001,4,6,1600,1.215
TRA,10,0.001,4,6,2400,1.216
TRA,10,0.001,4,6,3200,1.207
TRA,10,0.001,4,6,4000,1.2
TRA,10,0.001,4,6,4800,1.18
TRA,10,0.001,5,6,800,1.156
TRA,10,0.001,5,6,1600,1.131
TRA,10,0.001,5,6,2400,1.121
TRA,10,0.001,5,6,3200,1.107
TRA,10,0.001,5,6,4000,1.106
TRA,10,0.001,5,6,4800,1.093
TRA,10,0.001,6,6,800,1.034
TRA,10,0.001,6,6,1600,1.051
TRA,10,0.001,6,6,2400,1.061
TRA,10,0.001,6,6,3200,1.04
TRA,10,0.001,6,6,4000,1.058
TRA,10,0.001,6,6,4800,1.068
TRA_TIM,10,0.001,6,6,119.03,
TST,10,0.001,6,6,61.46,2.07
TRA,10,0.0001,1,2,800,2.304
TRA,10,0.0001,1,2,1600,2.304
TRA,10,0.0001,1,2,2400,2.301
TRA,10,0.0001,1,2,3200,2.301
TRA,10,0.0001,1,2,4000,2.297
TRA,10,0.0001,1,2,4800,2.296
TRA,10,0.0001,2,2,800,2.292
TRA,10,0.0001,2,2,1600,2.285
TRA,10,0.0001,2,2,2400,2.276
TRA,10,0.0001,2,2,3200,2.255
TRA,10,0.0001,2,2,4000,2.24
TRA,10,0.0001,2,2,4800,2.216
TRA_TIM,10,0.0001,2,2,39.8,
TST,10,0.0001,2,2,21.93,2.16
TRA,10,0.0001,1,4,800,2.303
TRA,10,0.0001,1,4,1600,2.3
TRA,10,0.0001,1,4,2400,2.299
TRA,10,0.0001,1,4,3200,2.297
TRA,10,0.0001,1,4,4000,2.295
TRA,10,0.0001,1,4,4800,2.292
TRA,10,0.0001,2,4,800,2.282
TRA,10,0.0001,2,4,1600,2.272
TRA,10,0.0001,2,4,2400,2.247
TRA,10,0.0001,2,4,3200,2.209
TRA,10,0.0001,2,4,4000,2.162
TRA,10,0.0001,2,4,4800,2.11
TRA,10,0.0001,3,4,800,2.041
TRA,10,0.0001,3,4,1600,1.995
TRA,10,0.0001,3,4,2400,1.973
TRA,10,0.0001,3,4,3200,1.929
TRA,10,0.0001,3,4,4000,1.921
TRA,10,0.0001,3,4,4800,1.892
TRA,10,0.0001,4,4,800,1.879
TRA,10,0.0001,4,4,1600,1.87
TRA,10,0.0001,4,4,2400,1.838
TRA,10,0.0001,4,4,3200,1.814
TRA,10,0.0001,4,4,4000,1.8
TRA,10,0.0001,4,4,4800,1.785
TRA_TIM,10,0.0001,4,4,74.37,
TST,10,0.0001,4,4,36.62,2.22
TRA,10,0.0001,1,6,800,2.305
TRA,10,0.0001,1,6,1600,2.304
TRA,10,0.0001,1,6,2400,2.304
TRA,10,0.0001,1,6,3200,2.302
TRA,10,0.0001,1,6,4000,2.302
TRA,10,0.0001,1,6,4800,2.3
TRA,10,0.0001,2,6,800,2.299
TRA,10,0.0001,2,6,1600,2.295
TRA,10,0.0001,2,6,2400,2.292
TRA,10,0.0001,2,6,3200,2.283
TRA,10,0.0001,2,6,4000,2.269
TRA,10,0.0001,2,6,4800,2.254
TRA,10,0.0001,3,6,800,2.228
TRA,10,0.0001,3,6,1600,2.205
TRA,10,0.0001,3,6,2400,2.182
TRA,10,0.0001,3,6,3200,2.175
TRA,10,0.0001,3,6,4000,2.162
TRA,10,0.0001,3,6,4800,2.141
TRA,10,0.0001,4,6,800,2.127
TRA,10,0.0001,4,6,1600,2.115
TRA,10,0.0001,4,6,2400,2.1
TRA,10,0.0001,4,6,3200,2.089
TRA,10,0.0001,4,6,4000,2.069
TRA,10,0.0001,4,6,4800,2.055
TRA,10,0.0001,5,6,800,2.033
TRA,10,0.0001,5,6,1600,2.017
TRA,10,0.0001,5,6,2400,2.003
TRA,10,0.0001,5,6,3200,1.976
TRA,10,0.0001,5,6,4000,1.965
TRA,10,0.0001,5,6,4800,1.955
TRA,10,0.0001,6,6,800,1.947
TRA,10,0.0001,6,6,1600,1.929
TRA,10,0.0001,6,6,2400,1.925
TRA,10,0.0001,6,6,3200,1.918
TRA,10,0.0001,6,6,4000,1.914
TRA,10,0.0001,6,6,4800,1.889
TRA_TIM,10,0.0001,6,6,115.42,
TST,10,0.0001,6,6,31.87,2.09
TRA,10,0.00001,1,2,800,2.303
TRA,10,0.00001,1,2,1600,2.304
TRA,10,0.00001,1,2,2400,2.304
TRA,10,0.00001,1,2,3200,2.305
TRA,10,0.00001,1,2,4000,2.303
TRA,10,0.00001,1,2,4800,2.303
TRA,10,0.00001,2,2,800,2.304
TRA,10,0.00001,2,2,1600,2.304
TRA,10,0.00001,2,2,2400,2.303
TRA,10,0.00001,2,2,3200,2.303
TRA,10,0.00001,2,2,4000,2.303
TRA,10,0.00001,2,2,4800,2.303
TRA_TIM,10,0.00001,2,2,38.74,
TST,10,0.00001,2,2,10.01,2.3
TRA,10,0.00001,1,4,800,2.305
TRA,10,0.00001,1,4,1600,2.306
TRA,10,0.00001,1,4,2400,2.305
TRA,10,0.00001,1,4,3200,2.304
TRA,10,0.00001,1,4,4000,2.306
TRA,10,0.00001,1,4,4800,2.305
TRA,10,0.00001,2,4,800,2.305
TRA,10,0.00001,2,4,1600,2.305
TRA,10,0.00001,2,4,2400,2.305
TRA,10,0.00001,2,4,3200,2.304
TRA,10,0.00001,2,4,4000,2.304
TRA,10,0.00001,2,4,4800,2.305
TRA,10,0.00001,3,4,800,2.305
TRA,10,0.00001,3,4,1600,2.304
TRA,10,0.00001,3,4,2400,2.304
TRA,10,0.00001,3,4,3200,2.304
TRA,10,0.00001,3,4,4000,2.304
TRA,10,0.00001,3,4,4800,2.304
TRA,10,0.00001,4,4,800,2.303
TRA,10,0.00001,4,4,1600,2.304
TRA,10,0.00001,4,4,2400,2.303
TRA,10,0.00001,4,4,3200,2.304
TRA,10,0.00001,4,4,4000,2.303
TRA,10,0.00001,4,4,4800,2.304
TRA_TIM,10,0.00001,4,4,80.94,
TST,10,0.00001,4,4,9.96,2.06
TRA,10,0.00001,1,6,800,2.303
TRA,10,0.00001,1,6,1600,2.304
TRA,10,0.00001,1,6,2400,2.304
TRA,10,0.00001,1,6,3200,2.304
TRA,10,0.00001,1,6,4000,2.304
TRA,10,0.00001,1,6,4800,2.303
TRA,10,0.00001,2,6,800,2.304
TRA,10,0.00001,2,6,1600,2.303
TRA,10,0.00001,2,6,2400,2.303
TRA,10,0.00001,2,6,3200,2.301
TRA,10,0.00001,2,6,4000,2.301
TRA,10,0.00001,2,6,4800,2.302
TRA,10,0.00001,3,6,800,2.301
TRA,10,0.00001,3,6,1600,2.301
TRA,10,0.00001,3,6,2400,2.302
TRA,10,0.00001,3,6,3200,2.3
TRA,10,0.00001,3,6,4000,2.301
TRA,10,0.00001,3,6,4800,2.301
TRA,10,0.00001,4,6,800,2.3
TRA,10,0.00001,4,6,1600,2.3
TRA,10,0.00001,4,6,2400,2.3
TRA,10,0.00001,4,6,3200,2.298
TRA,10,0.00001,4,6,4000,2.299
TRA,10,0.00001,4,6,4800,2.298
TRA,10,0.00001,5,6,800,2.298
TRA,10,0.00001,5,6,1600,2.298
TRA,10,0.00001,5,6,2400,2.297
TRA,10,0.00001,5,6,3200,2.297
TRA,10,0.00001,5,6,4000,2.297
TRA,10,0.00001,5,6,4800,2.296
TRA,10,0.00001,6,6,800,2.297
TRA,10,0.00001,6,6,1600,2.295
TRA,10,0.00001,6,6,2400,2.294
TRA,10,0.00001,6,6,3200,2.295
TRA,10,0.00001,6,6,4000,2.294
TRA,10,0.00001,6,6,4800,2.292
TRA_TIM,10,0.00001,6,6,109.41,
TST,10,0.00001,6,6,12.01,2.14
TRA,64,0.1,1,2,125,2.086
TRA,64,0.1,1,2,250,1.942
TRA,64,0.1,1,2,375,1.877
TRA,64,0.1,1,2,500,1.832
TRA,64,0.1,1,2,625,1.773
TRA,64,0.1,1,2,750,1.833
TRA,64,0.1,2,2,125,1.777
TRA,64,0.1,2,2,250,1.791
TRA,64,0.1,2,2,375,1.743
TRA,64,0.1,2,2,500,1.748
TRA,64,0.1,2,2,625,1.809
TRA,64,0.1,2,2,750,1.775
TRA_TIM,64,0.1,2,2,9.45,
TST,64,0.1,2,2,36.96,1.16
TRA,64,0.1,1,4,125,2.121
TRA,64,0.1,1,4,250,1.91
TRA,64,0.1,1,4,375,1.812
TRA,64,0.1,1,4,500,1.817
TRA,64,0.1,1,4,625,1.828
TRA,64,0.1,1,4,750,1.797
TRA,64,0.1,2,4,125,1.778
TRA,64,0.1,2,4,250,1.761
TRA,64,0.1,2,4,375,1.776
TRA,64,0.1,2,4,500,1.747
TRA,64,0.1,2,4,625,1.778
TRA,64,0.1,2,4,750,1.781
TRA,64,0.1,3,4,125,1.787
TRA,64,0.1,3,4,250,1.815
TRA,64,0.1,3,4,375,1.802
TRA,64,0.1,3,4,500,1.792
TRA,64,0.1,3,4,625,1.775
TRA,64,0.1,3,4,750,1.738
TRA,64,0.1,4,4,125,1.768
TRA,64,0.1,4,4,250,1.748
TRA,64,0.1,4,4,375,1.731
TRA,64,0.1,4,4,500,1.742
TRA,64,0.1,4,4,625,1.759
TRA,64,0.1,4,4,750,1.742
TRA_TIM,64,0.1,4,4,19.69,
TST,64,0.1,4,4,37.7,1.27
TRA,64,0.1,1,6,125,2.115
TRA,64,0.1,1,6,250,1.923
TRA,64,0.1,1,6,375,1.837
TRA,64,0.1,1,6,500,1.877
TRA,64,0.1,1,6,625,1.795
TRA,64,0.1,1,6,750,1.83
TRA,64,0.1,2,6,125,1.828
TRA,64,0.1,2,6,250,1.778
TRA,64,0.1,2,6,375,1.827
TRA,64,0.1,2,6,500,1.787
TRA,64,0.1,2,6,625,1.827
TRA,64,0.1,2,6,750,1.813
TRA,64,0.1,3,6,125,1.764
TRA,64,0.1,3,6,250,1.816
TRA,64,0.1,3,6,375,1.774
TRA,64,0.1,3,6,500,1.778
TRA,64,0.1,3,6,625,1.809
TRA,64,0.1,3,6,750,1.799
TRA,64,0.1,4,6,125,1.79
TRA,64,0.1,4,6,250,1.798
TRA,64,0.1,4,6,375,1.833
TRA,64,0.1,4,6,500,1.771
TRA,64,0.1,4,6,625,1.791
TRA,64,0.1,4,6,750,1.779
TRA,64,0.1,5,6,125,1.821
TRA,64,0.1,5,6,250,1.786
TRA,64,0.1,5,6,375,1.816
TRA,64,0.1,5,6,500,1.837
TRA,64,0.1,5,6,625,1.845
TRA,64,0.1,5,6,750,1.828
TRA,64,0.1,6,6,125,1.824
TRA,64,0.1,6,6,250,1.867
TRA,64,0.1,6,6,375,1.797
TRA,64,0.1,6,6,500,1.807
TRA,64,0.1,6,6,625,1.771
TRA,64,0.1,6,6,750,1.831
TRA_TIM,64,0.1,6,6,29.13,
TST,64,0.1,6,6,32.49,1.12
TRA,64,0.01,1,2,125,2.301
TRA,64,0.01,1,2,250,2.182
TRA,64,0.01,1,2,375,1.85
TRA,64,0.01,1,2,500,1.713
TRA,64,0.01,1,2,625,1.615
TRA,64,0.01,1,2,750,1.565
TRA,64,0.01,2,2,125,1.493
TRA,64,0.01,2,2,250,1.454
TRA,64,0.01,2,2,375,1.431
TRA,64,0.01,2,2,500,1.391
TRA,64,0.01,2,2,625,1.35
TRA,64,0.01,2,2,750,1.35
TRA_TIM,64,0.01,2,2,10.12,
TST,64,0.01,2,2,51.78,1.21
TRA,64,0.01,1,4,125,2.287
TRA,64,0.01,1,4,250,2.088
TRA,64,0.01,1,4,375,1.922
TRA,64,0.01,1,4,500,1.784
TRA,64,0.01,1,4,625,1.649
TRA,64,0.01,1,4,750,1.592
TRA,64,0.01,2,4,125,1.537
TRA,64,0.01,2,4,250,1.474
TRA,64,0.01,2,4,375,1.442
TRA,64,0.01,2,4,500,1.402
TRA,64,0.01,2,4,625,1.366
TRA,64,0.01,2,4,750,1.337
TRA,64,0.01,3,4,125,1.295
TRA,64,0.01,3,4,250,1.28
TRA,64,0.01,3,4,375,1.256
TRA,64,0.01,3,4,500,1.247
TRA,64,0.01,3,4,625,1.236
TRA,64,0.01,3,4,750,1.224
TRA,64,0.01,4,4,125,1.155
TRA,64,0.01,4,4,250,1.133
TRA,64,0.01,4,4,375,1.167
TRA,64,0.01,4,4,500,1.143
TRA,64,0.01,4,4,625,1.137
TRA,64,0.01,4,4,750,1.146
TRA_TIM,64,0.01,4,4,20.02,
TST,64,0.01,4,4,59.46,1.09
TRA,64,0.01,1,6,125,2.301
TRA,64,0.01,1,6,250,2.174
TRA,64,0.01,1,6,375,1.919
TRA,64,0.01,1,6,500,1.731
TRA,64,0.01,1,6,625,1.645
TRA,64,0.01,1,6,750,1.592
TRA,64,0.01,2,6,125,1.54
TRA,64,0.01,2,6,250,1.464
TRA,64,0.01,2,6,375,1.454
TRA,64,0.01,2,6,500,1.402
TRA,64,0.01,2,6,625,1.391
TRA,64,0.01,2,6,750,1.372
TRA,64,0.01,3,6,125,1.33
TRA,64,0.01,3,6,250,1.303
TRA,64,0.01,3,6,375,1.267
TRA,64,0.01,3,6,500,1.271
TRA,64,0.01,3,6,625,1.255
TRA,64,0.01,3,6,750,1.251
TRA,64,0.01,4,6,125,1.188
TRA,64,0.01,4,6,250,1.209
TRA,64,0.01,4,6,375,1.164
TRA,64,0.01,4,6,500,1.174
TRA,64,0.01,4,6,625,1.174
TRA,64,0.01,4,6,750,1.152
TRA,64,0.01,5,6,125,1.11
TRA,64,0.01,5,6,250,1.099
TRA,64,0.01,5,6,375,1.093
TRA,64,0.01,5,6,500,1.1
TRA,64,0.01,5,6,625,1.079
TRA,64,0.01,5,6,750,1.094
TRA,64,0.01,6,6,125,1.031
TRA,64,0.01,6,6,250,1.035
TRA,64,0.01,6,6,375,1.032
TRA,64,0.01,6,6,500,1.01
TRA,64,0.01,6,6,625,1.058
TRA,64,0.01,6,6,750,1.035
TRA_TIM,64,0.01,6,6,29.08,
TST,64,0.01,6,6,61.08,1.94
TRA,64,0.001,1,2,125,2.305
TRA,64,0.001,1,2,250,2.303
TRA,64,0.001,1,2,375,2.303
TRA,64,0.001,1,2,500,2.301
TRA,64,0.001,1,2,625,2.301
TRA,64,0.001,1,2,750,2.299
TRA,64,0.001,2,2,125,2.294
TRA,64,0.001,2,2,250,2.288
TRA,64,0.001,2,2,375,2.27
TRA,64,0.001,2,2,500,2.24
TRA,64,0.001,2,2,625,2.206
TRA,64,0.001,2,2,750,2.176
TRA_TIM,64,0.001,2,2,9.84,
TST,64,0.001,2,2,23.75,1.17
TRA,64,0.001,1,4,125,2.303
TRA,64,0.001,1,4,250,2.301
TRA,64,0.001,1,4,375,2.298
TRA,64,0.001,1,4,500,2.295
TRA,64,0.001,1,4,625,2.289
TRA,64,0.001,1,4,750,2.278
TRA,64,0.001,2,4,125,2.242
TRA,64,0.001,2,4,250,2.159
TRA,64,0.001,2,4,375,2.065
TRA,64,0.001,2,4,500,2.015
TRA,64,0.001,2,4,625,1.949
TRA,64,0.001,2,4,750,1.931
TRA,64,0.001,3,4,125,1.897
TRA,64,0.001,3,4,250,1.872
TRA,64,0.001,3,4,375,1.857
TRA,64,0.001,3,4,500,1.81
TRA,64,0.001,3,4,625,1.759
TRA,64,0.001,3,4,750,1.744
TRA,64,0.001,4,4,125,1.706
TRA,64,0.001,4,4,250,1.672
TRA,64,0.001,4,4,375,1.636
TRA,64,0.001,4,4,500,1.639
TRA,64,0.001,4,4,625,1.615
TRA,64,0.001,4,4,750,1.62
TRA_TIM,64,0.001,4,4,19.99,
TST,64,0.001,4,4,41.55,1.08
TRA,64,0.001,1,6,125,2.303
TRA,64,0.001,1,6,250,2.304
TRA,64,0.001,1,6,375,2.301
TRA,64,0.001,1,6,500,2.301
TRA,64,0.001,1,6,625,2.299
TRA,64,0.001,1,6,750,2.294
TRA,64,0.001,2,6,125,2.285
TRA,64,0.001,2,6,250,2.272
TRA,64,0.001,2,6,375,2.242
TRA,64,0.001,2,6,500,2.193
TRA,64,0.001,2,6,625,2.145
TRA,64,0.001,2,6,750,2.118
TRA,64,0.001,3,6,125,2.074
TRA,64,0.001,3,6,250,2.023
TRA,64,0.001,3,6,375,1.962
TRA,64,0.001,3,6,500,1.917
TRA,64,0.001,3,6,625,1.879
TRA,64,0.001,3,6,750,1.85
TRA,64,0.001,4,6,125,1.806
TRA,64,0.001,4,6,250,1.793
TRA,64,0.001,4,6,375,1.791
TRA,64,0.001,4,6,500,1.737
TRA,64,0.001,4,6,625,1.726
TRA,64,0.001,4,6,750,1.722
TRA,64,0.001,5,6,125,1.678
TRA,64,0.001,5,6,250,1.653
TRA,64,0.001,5,6,375,1.642
TRA,64,0.001,5,6,500,1.644
TRA,64,0.001,5,6,625,1.623
TRA,64,0.001,5,6,750,1.597
TRA,64,0.001,6,6,125,1.585
TRA,64,0.001,6,6,250,1.608
TRA,64,0.001,6,6,375,1.55
TRA,64,0.001,6,6,500,1.56
TRA,64,0.001,6,6,625,1.522
TRA,64,0.001,6,6,750,1.518
TRA_TIM,64,0.001,6,6,29.15,
TST,64,0.001,6,6,44.31,1.1
TRA,64,0.0001,1,2,125,2.306
TRA,64,0.0001,1,2,250,2.305
TRA,64,0.0001,1,2,375,2.306
TRA,64,0.0001,1,2,500,2.305
TRA,64,0.0001,1,2,625,2.305
TRA,64,0.0001,1,2,750,2.306
TRA,64,0.0001,2,2,125,2.306
TRA,64,0.0001,2,2,250,2.304
TRA,64,0.0001,2,2,375,2.304
TRA,64,0.0001,2,2,500,2.304
TRA,64,0.0001,2,2,625,2.304
TRA,64,0.0001,2,2,750,2.304
TRA_TIM,64,0.0001,2,2,9.42,
TST,64,0.0001,2,2,10.05,1.3
TRA,64,0.0001,1,4,125,2.306
TRA,64,0.0001,1,4,250,2.304
TRA,64,0.0001,1,4,375,2.305
TRA,64,0.0001,1,4,500,2.303
TRA,64,0.0001,1,4,625,2.303
TRA,64,0.0001,1,4,750,2.303
TRA,64,0.0001,2,4,125,2.304
TRA,64,0.0001,2,4,250,2.302
TRA,64,0.0001,2,4,375,2.302
TRA,64,0.0001,2,4,500,2.301
TRA,64,0.0001,2,4,625,2.301
TRA,64,0.0001,2,4,750,2.3
TRA,64,0.0001,3,4,125,2.3
TRA,64,0.0001,3,4,250,2.299
TRA,64,0.0001,3,4,375,2.299
TRA,64,0.0001,3,4,500,2.3
TRA,64,0.0001,3,4,625,2.298
TRA,64,0.0001,3,4,750,2.299
TRA,64,0.0001,4,4,125,2.298
TRA,64,0.0001,4,4,250,2.296
TRA,64,0.0001,4,4,375,2.296
TRA,64,0.0001,4,4,500,2.294
TRA,64,0.0001,4,4,625,2.294
TRA,64,0.0001,4,4,750,2.294
TRA_TIM,64,0.0001,4,4,19.68,
TST,64,0.0001,4,4,16.27,1.2
TRA,64,0.0001,1,6,125,2.304
TRA,64,0.0001,1,6,250,2.304
TRA,64,0.0001,1,6,375,2.304
TRA,64,0.0001,1,6,500,2.303
TRA,64,0.0001,1,6,625,2.303
TRA,64,0.0001,1,6,750,2.303
TRA,64,0.0001,2,6,125,2.302
TRA,64,0.0001,2,6,250,2.302
TRA,64,0.0001,2,6,375,2.303
TRA,64,0.0001,2,6,500,2.302
TRA,64,0.0001,2,6,625,2.302
TRA,64,0.0001,2,6,750,2.301
TRA,64,0.0001,3,6,125,2.301
TRA,64,0.0001,3,6,250,2.301
TRA,64,0.0001,3,6,375,2.301
TRA,64,0.0001,3,6,500,2.3
TRA,64,0.0001,3,6,625,2.3
TRA,64,0.0001,3,6,750,2.3
TRA,64,0.0001,4,6,125,2.299
TRA,64,0.0001,4,6,250,2.298
TRA,64,0.0001,4,6,375,2.299
TRA,64,0.0001,4,6,500,2.298
TRA,64,0.0001,4,6,625,2.3
TRA,64,0.0001,4,6,750,2.298
TRA,64,0.0001,5,6,125,2.298
TRA,64,0.0001,5,6,250,2.297
TRA,64,0.0001,5,6,375,2.297
TRA,64,0.0001,5,6,500,2.296
TRA,64,0.0001,5,6,625,2.296
TRA,64,0.0001,5,6,750,2.293
TRA,64,0.0001,6,6,125,2.294
TRA,64,0.0001,6,6,250,2.294
TRA,64,0.0001,6,6,375,2.294
TRA,64,0.0001,6,6,500,2.292
TRA,64,0.0001,6,6,625,2.292
TRA,64,0.0001,6,6,750,2.292
TRA_TIM,64,0.0001,6,6,29.41,
TST,64,0.0001,6,6,13.08,1.1
TRA,64,0.00001,1,2,125,2.304
TRA,64,0.00001,1,2,250,2.304
TRA,64,0.00001,1,2,375,2.305
TRA,64,0.00001,1,2,500,2.304
TRA,64,0.00001,1,2,625,2.305
TRA,64,0.00001,1,2,750,2.304
TRA,64,0.00001,2,2,125,2.304
TRA,64,0.00001,2,2,250,2.305
TRA,64,0.00001,2,2,375,2.304
TRA,64,0.00001,2,2,500,2.304
TRA,64,0.00001,2,2,625,2.305
TRA,64,0.00001,2,2,750,2.304
TRA_TIM,64,0.00001,2,2,9.39,
TST,64,0.00001,2,2,9.25,1.09
TRA,64,0.00001,1,4,125,2.305
TRA,64,0.00001,1,4,250,2.304
TRA,64,0.00001,1,4,375,2.304
TRA,64,0.00001,1,4,500,2.304
TRA,64,0.00001,1,4,625,2.303
TRA,64,0.00001,1,4,750,2.303
TRA,64,0.00001,2,4,125,2.304
TRA,64,0.00001,2,4,250,2.304
TRA,64,0.00001,2,4,375,2.304
TRA,64,0.00001,2,4,500,2.304
TRA,64,0.00001,2,4,625,2.302
TRA,64,0.00001,2,4,750,2.304
TRA,64,0.00001,3,4,125,2.304
TRA,64,0.00001,3,4,250,2.304
TRA,64,0.00001,3,4,375,2.304
TRA,64,0.00001,3,4,500,2.304
TRA,64,0.00001,3,4,625,2.303
TRA,64,0.00001,3,4,750,2.303
TRA,64,0.00001,4,4,125,2.303
TRA,64,0.00001,4,4,250,2.305
TRA,64,0.00001,4,4,375,2.304
TRA,64,0.00001,4,4,500,2.303
TRA,64,0.00001,4,4,625,2.304
TRA,64,0.00001,4,4,750,2.304
TRA_TIM,64,0.00001,4,4,19.51,
TST,64,0.00001,4,4,10.38,1.05
TRA,64,0.00001,1,6,125,2.304
TRA,64,0.00001,1,6,250,2.305
TRA,64,0.00001,1,6,375,2.306
TRA,64,0.00001,1,6,500,2.304
TRA,64,0.00001,1,6,625,2.304
TRA,64,0.00001,1,6,750,2.304
TRA,64,0.00001,2,6,125,2.305
TRA,64,0.00001,2,6,250,2.302
TRA,64,0.00001,2,6,375,2.304
TRA,64,0.00001,2,6,500,2.305
TRA,64,0.00001,2,6,625,2.306
TRA,64,0.00001,2,6,750,2.305
TRA,64,0.00001,3,6,125,2.304
TRA,64,0.00001,3,6,250,2.303
TRA,64,0.00001,3,6,375,2.305
TRA,64,0.00001,3,6,500,2.305
TRA,64,0.00001,3,6,625,2.303
TRA,64,0.00001,3,6,750,2.305
TRA,64,0.00001,4,6,125,2.305
TRA,64,0.00001,4,6,250,2.304
TRA,64,0.00001,4,6,375,2.304
TRA,64,0.00001,4,6,500,2.304
TRA,64,0.00001,4,6,625,2.304
TRA,64,0.00001,4,6,750,2.303
TRA,64,0.00001,5,6,125,2.304
TRA,64,0.00001,5,6,250,2.303
TRA,64,0.00001,5,6,375,2.305
TRA,64,0.00001,5,6,500,2.303
TRA,64,0.00001,5,6,625,2.303
TRA,64,0.00001,5,6,750,2.304
TRA,64,0.00001,6,6,125,2.304
TRA,64,0.00001,6,6,250,2.304
TRA,64,0.00001,6,6,375,2.304
TRA,64,0.00001,6,6,500,2.304
TRA,64,0.00001,6,6,625,2.302
TRA,64,0.00001,6,6,750,2.304
TRA_TIM,64,0.00001,6,6,28.89,
TST,64,0.00001,6,6,10,1.13
TRA,256,0.1,1,2,31,2.279
TRA,256,0.1,1,2,62,2.033
TRA,256,0.1,1,2,93,1.816
TRA,256,0.1,1,2,124,1.713
TRA,256,0.1,1,2,155,1.659
TRA,256,0.1,1,2,186,1.556
TRA,256,0.1,2,2,31,1.491
TRA,256,0.1,2,2,62,1.466
TRA,256,0.1,2,2,93,1.438
TRA,256,0.1,2,2,124,1.378
TRA,256,0.1,2,2,155,1.351
TRA,256,0.1,2,2,186,1.382
TRA_TIM,256,0.1,2,2,8.71,
TST,256,0.1,2,2,53.76,1.02
TRA,256,0.1,1,4,31,2.271
TRA,256,0.1,1,4,62,2.037
TRA,256,0.1,1,4,93,1.885
TRA,256,0.1,1,4,124,1.738
TRA,256,0.1,1,4,155,1.609
TRA,256,0.1,1,4,186,1.533
TRA,256,0.1,2,4,31,1.463
TRA,256,0.1,2,4,62,1.452
TRA,256,0.1,2,4,93,1.449
TRA,256,0.1,2,4,124,1.43
TRA,256,0.1,2,4,155,1.35
TRA,256,0.1,2,4,186,1.329
TRA,256,0.1,3,4,31,1.315
TRA,256,0.1,3,4,62,1.278
TRA,256,0.1,3,4,93,1.3
TRA,256,0.1,3,4,124,1.245
TRA,256,0.1,3,4,155,1.235
TRA,256,0.1,3,4,186,1.235
TRA,256,0.1,4,4,31,1.2
TRA,256,0.1,4,4,62,1.172
TRA,256,0.1,4,4,93,1.182
TRA,256,0.1,4,4,124,1.208
TRA,256,0.1,4,4,155,1.187
TRA,256,0.1,4,4,186,1.149
TRA_TIM,256,0.1,4,4,17.3,
TST,256,0.1,4,4,56.8,1.04
TRA,256,0.1,1,6,31,2.281
TRA,256,0.1,1,6,62,2.043
TRA,256,0.1,1,6,93,1.9
TRA,256,0.1,1,6,124,1.717
TRA,256,0.1,1,6,155,1.639
TRA,256,0.1,1,6,186,1.574
TRA,256,0.1,2,6,31,1.459
TRA,256,0.1,2,6,62,1.455
TRA,256,0.1,2,6,93,1.463
TRA,256,0.1,2,6,124,1.427
TRA,256,0.1,2,6,155,1.414
TRA,256,0.1,2,6,186,1.368
TRA,256,0.1,3,6,31,1.318
TRA,256,0.1,3,6,62,1.296
TRA,256,0.1,3,6,93,1.288
TRA,256,0.1,3,6,124,1.268
TRA,256,0.1,3,6,155,1.25
TRA,256,0.1,3,6,186,1.219
TRA,256,0.1,4,6,31,1.195
TRA,256,0.1,4,6,62,1.199
TRA,256,0.1,4,6,93,1.193
TRA,256,0.1,4,6,124,1.171
TRA,256,0.1,4,6,155,1.197
TRA,256,0.1,4,6,186,1.189
TRA,256,0.1,5,6,31,1.167
TRA,256,0.1,5,6,62,1.109
TRA,256,0.1,5,6,93,1.121
TRA,256,0.1,5,6,124,1.124
TRA,256,0.1,5,6,155,1.133
TRA,256,0.1,5,6,186,1.131
TRA,256,0.1,6,6,31,1.06
TRA,256,0.1,6,6,62,1.047
TRA,256,0.1,6,6,93,1.075
TRA,256,0.1,6,6,124,1.095
TRA,256,0.1,6,6,155,1.09
TRA,256,0.1,6,6,186,1.06
TRA_TIM,256,0.1,6,6,25.98,
TST,256,0.1,6,6,57.43,0.96
TRA,256,0.01,1,2,31,2.304
TRA,256,0.01,1,2,62,2.298
TRA,256,0.01,1,2,93,2.288
TRA,256,0.01,1,2,124,2.246
TRA,256,0.01,1,2,155,2.112
TRA,256,0.01,1,2,186,2.021
TRA,256,0.01,2,2,31,1.894
TRA,256,0.01,2,2,62,1.817
TRA,256,0.01,2,2,93,1.764
TRA,256,0.01,2,2,124,1.708
TRA,256,0.01,2,2,155,1.652
TRA,256,0.01,2,2,186,1.611
TRA_TIM,256,0.01,2,2,8.71,
TST,256,0.01,2,2,40.97,1.03
TRA,256,0.01,1,4,31,2.304
TRA,256,0.01,1,4,62,2.299
TRA,256,0.01,1,4,93,2.289
TRA,256,0.01,1,4,124,2.255
TRA,256,0.01,1,4,155,2.157
TRA,256,0.01,1,4,186,2.059
TRA,256,0.01,2,4,31,1.981
TRA,256,0.01,2,4,62,1.912
TRA,256,0.01,2,4,93,1.837
TRA,256,0.01,2,4,124,1.746
TRA,256,0.01,2,4,155,1.712
TRA,256,0.01,2,4,186,1.677
TRA,256,0.01,3,4,31,1.66
TRA,256,0.01,3,4,62,1.579
TRA,256,0.01,3,4,93,1.552
TRA,256,0.01,3,4,124,1.54
TRA,256,0.01,3,4,155,1.513
TRA,256,0.01,3,4,186,1.483
TRA,256,0.01,4,4,31,1.458
TRA,256,0.01,4,4,62,1.461
TRA,256,0.01,4,4,93,1.443
TRA,256,0.01,4,4,124,1.412
TRA,256,0.01,4,4,155,1.427
TRA,256,0.01,4,4,186,1.374
TRA_TIM,256,0.01,4,4,17.1,
TST,256,0.01,4,4,51.87,1.02
TRA,256,0.01,1,6,31,2.304
TRA,256,0.01,1,6,62,2.302
TRA,256,0.01,1,6,93,2.301
TRA,256,0.01,1,6,124,2.298
TRA,256,0.01,1,6,155,2.293
TRA,256,0.01,1,6,186,2.276
TRA,256,0.01,2,6,31,2.162
TRA,256,0.01,2,6,62,2.034
TRA,256,0.01,2,6,93,1.94
TRA,256,0.01,2,6,124,1.849
TRA,256,0.01,2,6,155,1.768
TRA,256,0.01,2,6,186,1.713
TRA,256,0.01,3,6,31,1.662
TRA,256,0.01,3,6,62,1.631
TRA,256,0.01,3,6,93,1.6
TRA,256,0.01,3,6,124,1.585
TRA,256,0.01,3,6,155,1.588
TRA,256,0.01,3,6,186,1.55
TRA,256,0.01,4,6,31,1.541
TRA,256,0.01,4,6,62,1.493
TRA,256,0.01,4,6,93,1.479
TRA,256,0.01,4,6,124,1.457
TRA,256,0.01,4,6,155,1.454
TRA,256,0.01,4,6,186,1.442
TRA,256,0.01,5,6,31,1.402
TRA,256,0.01,5,6,62,1.379
TRA,256,0.01,5,6,93,1.367
TRA,256,0.01,5,6,124,1.384
TRA,256,0.01,5,6,155,1.373
TRA,256,0.01,5,6,186,1.324
TRA,256,0.01,6,6,31,1.313
TRA,256,0.01,6,6,62,1.301
TRA,256,0.01,6,6,93,1.296
TRA,256,0.01,6,6,124,1.302
TRA,256,0.01,6,6,155,1.285
TRA,256,0.01,6,6,186,1.261
TRA_TIM,256,0.01,6,6,26.21,
TST,256,0.01,6,6,54.54,1.03
TRA,256,0.001,1,2,31,2.304
TRA,256,0.001,1,2,62,2.303
TRA,256,0.001,1,2,93,2.303
TRA,256,0.001,1,2,124,2.303
TRA,256,0.001,1,2,155,2.302
TRA,256,0.001,1,2,186,2.302
TRA,256,0.001,2,2,31,2.301
TRA,256,0.001,2,2,62,2.299
TRA,256,0.001,2,2,93,2.299
TRA,256,0.001,2,2,124,2.299
TRA,256,0.001,2,2,155,2.299
TRA,256,0.001,2,2,186,2.297
TRA_TIM,256,0.001,2,2,8.68,
TST,256,0.001,2,2,13.36,1.02
TRA,256,0.001,1,4,31,2.306
TRA,256,0.001,1,4,62,2.304
TRA,256,0.001,1,4,93,2.304
TRA,256,0.001,1,4,124,2.305
TRA,256,0.001,1,4,155,2.305
TRA,256,0.001,1,4,186,2.303
TRA,256,0.001,2,4,31,2.303
TRA,256,0.001,2,4,62,2.302
TRA,256,0.001,2,4,93,2.302
TRA,256,0.001,2,4,124,2.301
TRA,256,0.001,2,4,155,2.3
TRA,256,0.001,2,4,186,2.3
TRA,256,0.001,3,4,31,2.298
TRA,256,0.001,3,4,62,2.298
TRA,256,0.001,3,4,93,2.297
TRA,256,0.001,3,4,124,2.296
TRA,256,0.001,3,4,155,2.295
TRA,256,0.001,3,4,186,2.293
TRA,256,0.001,4,4,31,2.291
TRA,256,0.001,4,4,62,2.289
TRA,256,0.001,4,4,93,2.287
TRA,256,0.001,4,4,124,2.283
TRA,256,0.001,4,4,155,2.279
TRA,256,0.001,4,4,186,2.274
TRA_TIM,256,0.001,4,4,17.22,
TST,256,0.001,4,4,20.4,1
TRA,256,0.001,1,6,31,2.305
TRA,256,0.001,1,6,62,2.304
TRA,256,0.001,1,6,93,2.305
TRA,256,0.001,1,6,124,2.303
TRA,256,0.001,1,6,155,2.303
TRA,256,0.001,1,6,186,2.303
TRA,256,0.001,2,6,31,2.302
TRA,256,0.001,2,6,62,2.303
TRA,256,0.001,2,6,93,2.301
TRA,256,0.001,2,6,124,2.301
TRA,256,0.001,2,6,155,2.301
TRA,256,0.001,2,6,186,2.3
TRA,256,0.001,3,6,31,2.3
TRA,256,0.001,3,6,62,2.3
TRA,256,0.001,3,6,93,2.299
TRA,256,0.001,3,6,124,2.298
TRA,256,0.001,3,6,155,2.298
TRA,256,0.001,3,6,186,2.298
TRA,256,0.001,4,6,31,2.297
TRA,256,0.001,4,6,62,2.296
TRA,256,0.001,4,6,93,2.295
TRA,256,0.001,4,6,124,2.295
TRA,256,0.001,4,6,155,2.293
TRA,256,0.001,4,6,186,2.292
TRA,256,0.001,5,6,31,2.291
TRA,256,0.001,5,6,62,2.289
TRA,256,0.001,5,6,93,2.286
TRA,256,0.001,5,6,124,2.286
TRA,256,0.001,5,6,155,2.283
TRA,256,0.001,5,6,186,2.279
TRA,256,0.001,6,6,31,2.273
TRA,256,0.001,6,6,62,2.269
TRA,256,0.001,6,6,93,2.264
TRA,256,0.001,6,6,124,2.256
TRA,256,0.001,6,6,155,2.248
TRA,256,0.001,6,6,186,2.238
TRA_TIM,256,0.001,6,6,25.88,
TST,256,0.001,6,6,18.34,0.98
TRA,256,0.0001,1,2,31,2.303
TRA,256,0.0001,1,2,62,2.303
TRA,256,0.0001,1,2,93,2.303
TRA,256,0.0001,1,2,124,2.304
TRA,256,0.0001,1,2,155,2.304
TRA,256,0.0001,1,2,186,2.303
TRA,256,0.0001,2,2,31,2.304
TRA,256,0.0001,2,2,62,2.303
TRA,256,0.0001,2,2,93,2.303
TRA,256,0.0001,2,2,124,2.303
TRA,256,0.0001,2,2,155,2.303
TRA,256,0.0001,2,2,186,2.303
TRA_TIM,256,0.0001,2,2,8.67,
TST,256,0.0001,2,2,10,1
TRA,256,0.0001,1,4,31,2.304
TRA,256,0.0001,1,4,62,2.308
TRA,256,0.0001,1,4,93,2.306
TRA,256,0.0001,1,4,124,2.306
TRA,256,0.0001,1,4,155,2.305
TRA,256,0.0001,1,4,186,2.305
TRA,256,0.0001,2,4,31,2.306
TRA,256,0.0001,2,4,62,2.307
TRA,256,0.0001,2,4,93,2.305
TRA,256,0.0001,2,4,124,2.306
TRA,256,0.0001,2,4,155,2.305
TRA,256,0.0001,2,4,186,2.305
TRA,256,0.0001,3,4,31,2.305
TRA,256,0.0001,3,4,62,2.306
TRA,256,0.0001,3,4,93,2.306
TRA,256,0.0001,3,4,124,2.305
TRA,256,0.0001,3,4,155,2.304
TRA,256,0.0001,3,4,186,2.303
TRA,256,0.0001,4,4,31,2.305
TRA,256,0.0001,4,4,62,2.304
TRA,256,0.0001,4,4,93,2.305
TRA,256,0.0001,4,4,124,2.306
TRA,256,0.0001,4,4,155,2.305
TRA,256,0.0001,4,4,186,2.306
TRA_TIM,256,0.0001,4,4,17.04,
TST,256,0.0001,4,4,10.26,1.01
TRA,256,0.0001,1,6,31,2.305
TRA,256,0.0001,1,6,62,2.305
TRA,256,0.0001,1,6,93,2.304
TRA,256,0.0001,1,6,124,2.304
TRA,256,0.0001,1,6,155,2.304
TRA,256,0.0001,1,6,186,2.305
TRA,256,0.0001,2,6,31,2.304
TRA,256,0.0001,2,6,62,2.305
TRA,256,0.0001,2,6,93,2.303
TRA,256,0.0001,2,6,124,2.303
TRA,256,0.0001,2,6,155,2.304
TRA,256,0.0001,2,6,186,2.305
TRA,256,0.0001,3,6,31,2.305
TRA,256,0.0001,3,6,62,2.304
TRA,256,0.0001,3,6,93,2.304
TRA,256,0.0001,3,6,124,2.303
TRA,256,0.0001,3,6,155,2.304
TRA,256,0.0001,3,6,186,2.304
TRA,256,0.0001,4,6,31,2.302
TRA,256,0.0001,4,6,62,2.305
TRA,256,0.0001,4,6,93,2.303
TRA,256,0.0001,4,6,124,2.304
TRA,256,0.0001,4,6,155,2.304
TRA,256,0.0001,4,6,186,2.303
TRA,256,0.0001,5,6,31,2.304
TRA,256,0.0001,5,6,62,2.304
TRA,256,0.0001,5,6,93,2.304
TRA,256,0.0001,5,6,124,2.303
TRA,256,0.0001,5,6,155,2.303
TRA,256,0.0001,5,6,186,2.303
TRA,256,0.0001,6,6,31,2.305
TRA,256,0.0001,6,6,62,2.302
TRA,256,0.0001,6,6,93,2.304
TRA,256,0.0001,6,6,124,2.304
TRA,256,0.0001,6,6,155,2.302
TRA,256,0.0001,6,6,186,2.303
TRA_TIM,256,0.0001,6,6,26.02,
TST,256,0.0001,6,6,13.61,1.03
TRA,256,0.00001,1,2,31,2.307
TRA,256,0.00001,1,2,62,2.304
TRA,256,0.00001,1,2,93,2.305
TRA,256,0.00001,1,2,124,2.306
TRA,256,0.00001,1,2,155,2.306
TRA,256,0.00001,1,2,186,2.307
TRA,256,0.00001,2,2,31,2.306
TRA,256,0.00001,2,2,62,2.306
TRA,256,0.00001,2,2,93,2.305
TRA,256,0.00001,2,2,124,2.305
TRA,256,0.00001,2,2,155,2.306
TRA,256,0.00001,2,2,186,2.307
TRA_TIM,256,0.00001,2,2,8.5,
TST,256,0.00001,2,2,10,2.47
TRA,256,0.00001,1,4,31,2.305
TRA,256,0.00001,1,4,62,2.305
TRA,256,0.00001,1,4,93,2.304
TRA,256,0.00001,1,4,124,2.305
TRA,256,0.00001,1,4,155,2.305
TRA,256,0.00001,1,4,186,2.303
TRA,256,0.00001,2,4,31,2.304
TRA,256,0.00001,2,4,62,2.305
TRA,256,0.00001,2,4,93,2.305
TRA,256,0.00001,2,4,124,2.305
TRA,256,0.00001,2,4,155,2.303
TRA,256,0.00001,2,4,186,2.306
TRA,256,0.00001,3,4,31,2.305
TRA,256,0.00001,3,4,62,2.303
TRA,256,0.00001,3,4,93,2.304
TRA,256,0.00001,3,4,124,2.304
TRA,256,0.00001,3,4,155,2.305
TRA,256,0.00001,3,4,186,2.304
TRA,256,0.00001,4,4,31,2.304
TRA,256,0.00001,4,4,62,2.306
TRA,256,0.00001,4,4,93,2.304
TRA,256,0.00001,4,4,124,2.304
TRA,256,0.00001,4,4,155,2.305
TRA,256,0.00001,4,4,186,2.304
TRA_TIM,256,0.00001,4,4,17.17,
TST,256,0.00001,4,4,10,1.03
TRA,256,0.00001,1,6,31,2.304
TRA,256,0.00001,1,6,62,2.307
TRA,256,0.00001,1,6,93,2.305
TRA,256,0.00001,1,6,124,2.305
TRA,256,0.00001,1,6,155,2.306
TRA,256,0.00001,1,6,186,2.307
TRA,256,0.00001,2,6,31,2.305
TRA,256,0.00001,2,6,62,2.305
TRA,256,0.00001,2,6,93,2.305
TRA,256,0.00001,2,6,124,2.306
TRA,256,0.00001,2,6,155,2.306
TRA,256,0.00001,2,6,186,2.306
TRA,256,0.00001,3,6,31,2.305
TRA,256,0.00001,3,6,62,2.305
TRA,256,0.00001,3,6,93,2.305
TRA,256,0.00001,3,6,124,2.306
TRA,256,0.00001,3,6,155,2.305
TRA,256,0.00001,3,6,186,2.305
TRA,256,0.00001,4,6,31,2.307
TRA,256,0.00001,4,6,62,2.305
TRA,256,0.00001,4,6,93,2.305
TRA,256,0.00001,4,6,124,2.305
TRA,256,0.00001,4,6,155,2.305
TRA,256,0.00001,4,6,186,2.305
TRA,256,0.00001,5,6,31,2.306
TRA,256,0.00001,5,6,62,2.305
TRA,256,0.00001,5,6,93,2.306
TRA,256,0.00001,5,6,124,2.306
TRA,256,0.00001,5,6,155,2.304
TRA,256,0.00001,5,6,186,2.305
TRA,256,0.00001,6,6,31,2.305
TRA,256,0.00001,6,6,62,2.304
TRA,256,0.00001,6,6,93,2.306
TRA,256,0.00001,6,6,124,2.305
TRA,256,0.00001,6,6,155,2.306
TRA,256,0.00001,6,6,186,2.305
TRA_TIM,256,0.00001,6,6,25.92,
TST,256,0.00001,6,6,10,0.99
